tweetId,userId,repostTweetId,content,sentimentScore,postTime,modifyTime,suspendedTime,deletedTime
4179ea0b-52f3-468d-b5c3-21feab25761e,19,,"ðŸ“– #BookLovers Sometimes all you need is a good book, drink some tea, and relax.",50.21965988930016,2023-04-25 10:16:42.550966,,,
1d02e8e4-8040-4fb8-aa8f-eabff62c82ed,14,,HA,15.352726754572554,2021-05-17 00:33:33.334861,,2023-08-05 16:10:12.769476,
8664d3ea-d487-4c2b-b404-21cb2b9c7ff9,4,,See you on the day.,88.84640934178537,2023-06-04 01:01:24.195397,,,
1bccf4ba-2d0d-44b8-af60-8d237e01ccf6,4,,See you on the day.,60.261690669482995,2022-01-20 22:15:38.580137,,,2023-09-02 20:34:16.411536
fd603b3c-5fcd-427c-97ee-29d9128b485f,8,,ðŸ˜… #CodeNewbie #JS Weekend plans: Read a good playlist and some quiet time.,84.10275769757149,2023-06-22 21:54:52.874953,,2023-08-21 22:41:28.365431,
a3f0afa0-f31d-42ac-b447-726f09398268,15,,See you on the day.,81.30851157158514,2023-10-11 04:50:32.739197,,,
576ecd74-8f32-4ea2-a27a-1122f8c1c967,11,,"ðŸ’¸ #TechTalk Just watched the latest episode of my favorite show, and I must say, it's not as scary as I thought!",81.51977708688717,2019-11-05 11:13:24.036432,,2021-08-26 14:23:51.963050,
7bf860d3-a631-4ec8-8729-de126e046b24,0,,See you on the day.,50.500735765797046,2023-02-10 01:22:21.804670,,,
dc2c59fa-fb7e-44a7-a3cb-4a222a68c120,10,,See you on the day.,37.01873449177741,2023-11-14 14:50:13.525866,,,
170a37a6-a5cd-4a13-b9ef-52d29e99b6cf,9,,ðŸ˜… #CodeNewbie #JS Weekend plans: Read a good playlist and some quiet time.,29.50746281347618,2021-06-02 06:59:54.074987,,,
b98aaa58-110b-495d-ae42-77c155cc22fd,19,,"ðŸ“– #BookLovers Sometimes all you need is a good book, drink some tea, and relax.",58.39668831415183,2023-10-02 04:27:58.380241,2023-12-15 08:59:41.177830,,
3d9f0703-68ba-41e3-90d8-59bc78e5241e,18,,ðŸ˜… #CodeNewbie #JS Weekend plans: Read a good playlist and some quiet time.,36.337292945362854,2023-09-18 21:41:22.748917,2023-10-17 02:15:55.635522,,
777a5ee7-1a5f-45ce-ac3c-1107011cc3f4,14,,"ðŸ“– #BookLovers Sometimes all you need is a good book, drink some tea, and relax.",32.79216396917817,2021-09-03 21:22:08.656919,,,
17713179-e5d6-4b71-b242-580be8ba6726,2,,ðŸ˜… #CodeNewbie #JS Weekend plans: Read a good playlist and some quiet time.,36.38327957113727,2023-12-26 01:58:16.296267,,,
a5d7a882-5d28-4cd6-af53-73db021db747,2,,ðŸ˜… #CodeNewbie #JS Weekend plans: Read a good playlist and some quiet time.,75.38765220438621,2023-12-27 08:40:42.493498,,,
a589e64f-a5e9-4917-95d5-3e9a713fe796,7,,"ðŸ’¸ #TechTalk Just watched the latest episode of my favorite show, and I must say, it's not as scary as I thought!",30.491958868238356,2023-09-07 14:57:27.722185,,2023-11-10 08:26:56.931697,
a3313cc7-b44b-474f-869e-c11fe947323c,11,,ðŸ˜… #CodeNewbie #JS Weekend plans: Read a good playlist and some quiet time.,41.529084083292446,2019-08-06 13:06:48.597220,2019-12-05 12:35:50.111619,,
6dd26ea1-347c-48fe-b74c-d4affd9b5b8c,16,,"ðŸ“– #BookLovers Sometimes all you need is a good book, drink some tea, and relax.",55.33245511025579,2022-11-11 10:11:43.193061,,,
5c85e762-c04c-43cf-864d-227de5121149,2,,"ðŸ’¸ #TechTalk Just watched the latest episode of my favorite show, and I must say, it's not as scary as I thought!",73.37393591632228,2023-12-31 16:03:59.248428,,,
a388db6a-d974-4d1d-a291-5410d11ae3c6,11,,ðŸ˜… #CodeNewbie #JS Weekend plans: Read a good playlist and some quiet time.,64.57328104627814,2021-07-07 00:00:26.893840,,,
1174af67-75d8-4aba-ba01-3dc2fcc8dbc0,13,,"ðŸ’¸ #TechTalk Just watched the latest episode of my favorite show, and I must say, it's not as scary as I thought!",68.33772607379444,2020-03-07 20:28:35.115101,,,
517969ba-93a5-41eb-bd84-d82b7e25eb50,0,,"ðŸ“– #BookLovers Sometimes all you need is a good book, drink some tea, and relax.",32.40170829544654,2020-12-28 01:42:56.933316,,,
7e9adc71-9cb5-4e13-9c60-b9cf70f1ec6b,3,,"ðŸ’¸ #TechTalk Just watched the latest episode of my favorite show, and I must say, it's not as scary as I thought!",91.25736824642944,2023-08-25 15:31:18.518007,,2023-12-31 07:25:04.087608,
2d035b08-c5d5-461e-aaf9-d9c90d48cdf0,9,,"ðŸ’¸ #TechTalk Just watched the latest episode of my favorite show, and I must say, it's not as scary as I thought!",14.006718104842896,2022-12-12 00:26:10.192922,,,
1aaeaa3d-7629-4deb-85b0-2e2ea2f62549,13,,See you on the day.,37.294128604725906,2021-10-12 03:01:29.668624,,,
ebe0f7cf-c3de-4a2d-aecb-517365188ba7,13,,ðŸ˜… #CodeNewbie #JS Weekend plans: Read a good playlist and some quiet time.,43.24435583468056,2023-12-14 11:50:44.327856,,,
0700b85b-4136-409b-9c99-9bd4cf47c44c,16,,"ðŸ’¸ #TechTalk Just watched the latest episode of my favorite show, and I must say, it's not as scary as I thought!",10.063973461243247,2023-01-08 22:11:51.765996,,,
df0c530a-46f0-4030-966a-cdb3bf7d1eb3,14,576ecd74-8f32-4ea2-a27a-1122f8c1c967,"ðŸ“– #BookLovers Sometimes all you need is a good book, drink some tea, and relax.",34.589953602926514,2022-12-18 02:51:54.770587,2023-10-21 20:26:51.374381,,
b5bae788-ba21-4c0c-a6f2-9cd8de10dcc4,19,,"ðŸ’¸ #TechTalk Just watched the latest episode of my favorite show, and I must say, it's not as scary as I thought!",10.989799382858367,2023-02-13 07:47:01.637891,,,
f3bfa5da-3eef-45be-98c0-84c65d37412c,18,,See you on the day.,30.874864768595913,2023-07-27 03:22:33.726555,2023-09-27 19:31:18.503029,2023-12-25 02:05:10.996415,
b0ba678a-ea57-4c15-8d49-72178e8bbe9b,8,,See you on the day.,51.73885490858914,2023-02-20 08:54:16.476204,,,
5d86c11f-abfe-4421-b2f0-07623e4c2cb8,11,,See you on the day.,42.45100831527475,2020-05-14 03:40:38.968797,,,
2045903a-ea23-4702-94b5-804855e1f518,3,,ðŸ˜… #CodeNewbie #JS Weekend plans: Read a good playlist and some quiet time.,92.51005945155022,2023-01-12 18:15:43.260755,,,
c3c26a91-bc10-4b06-b5a6-a6fd31d4ac38,4,,See you on the day.,12.150148675339324,2023-01-01 03:45:01.877081,2023-04-20 02:46:58.474065,2023-07-25 22:07:00.408911,
7c496f7c-b6d2-47b6-b212-dfae8cead913,9,,See you on the day.,74.89045422220322,2020-05-12 00:28:49.561820,,,
b8253087-7f5b-469d-b068-e6f864f4f31c,11,,See you on the day.,3.511939880858639,2020-01-20 05:14:34.759748,,,
c50a0e58-ee0d-49e6-b1c8-1ddb8b6b6125,0,c3c26a91-bc10-4b06-b5a6-a6fd31d4ac38,"ðŸ’¸ #TechTalk Just watched the latest episode of my favorite show, and I must say, it's not as scary as I thought!",78.08130081280316,2023-09-28 17:03:53.576287,,,
77a1bda1-c530-45a1-87ba-8292013e34dd,3,,See you on the day.,87.81324943333804,2023-09-23 19:42:12.885822,,,
bcaff615-041d-4491-b39a-a089d1b3ba70,13,,"ðŸ’¸ #TechTalk Just watched the latest episode of my favorite show, and I must say, it's not as scary as I thought!",41.667010586495635,2022-07-03 16:52:38.518078,,,2023-12-11 14:16:22.445712
d9b61aa1-557a-4c89-a7b0-8bfc1713f341,15,,See you on the day.,53.92159862858601,2023-10-01 12:47:52.558349,,,
357d5217-91b4-47ab-95e5-67ef65a670bb,4,,"ðŸ’¸ #TechTalk Just watched the latest episode of my favorite show, and I must say, it's not as scary as I thought!",32.0859147524553,2023-03-07 12:40:33.611712,2023-05-23 23:04:34.289473,,
ec707533-83bb-430f-acbd-9f70b4af1dd6,2,,ðŸ˜… #CodeNewbie #JS Weekend plans: Read a good playlist and some quiet time.,36.367273413052715,2023-12-21 14:56:42.012330,,,
61966b43-81a6-4885-9ea4-321fe8b65d9c,0,a3313cc7-b44b-474f-869e-c11fe947323c,"ðŸ’¸ #TechTalk Just watched the latest episode of my favorite show, and I must say, it's not as scary as I thought!",22.89055449768378,2021-12-31 23:31:42.316219,,,
948138d9-bbbc-4955-84e0-85c071372769,19,,"ðŸ“– #BookLovers Sometimes all you need is a good book, drink some tea, and relax.",66.50018151855849,2022-06-18 17:03:59.717854,,,2023-02-16 09:13:47.631223
574b4d9b-310c-4a27-a215-d872b4dae41b,5,576ecd74-8f32-4ea2-a27a-1122f8c1c967,"ðŸ“– #BookLovers Sometimes all you need is a good book, drink some tea, and relax.",73.45717278626324,2021-11-21 12:06:47.931465,,,
a8041fff-1ec0-4aaa-9cce-36ed1e75402c,17,,See you on the day.,17.83439257438423,2022-06-30 17:52:01.211140,,,
d19f3964-ba61-443e-a684-dab7085b6b2b,4,,"ðŸ“– #BookLovers Sometimes all you need is a good book, drink some tea, and relax.",17.404777719507013,2023-11-27 11:49:24.930909,,,
f435c7d4-8ee6-4fb5-8a77-4715772f6e2f,15,,ðŸ˜… #CodeNewbie #JS Weekend plans: Read a good playlist and some quiet time.,44.975927619842594,2023-12-11 04:01:50.782407,,2023-12-25 22:25:40.090179,
bd180663-7784-45e6-b4ff-6c2b8d9bca9e,16,,"ðŸ’¸ #TechTalk Just watched the latest episode of my favorite show, and I must say, it's not as scary as I thought!",15.087577203469937,2023-07-05 15:30:08.347695,,,
f577a60e-6bcb-47b7-9ceb-9c93f15d9ee5,12,,ðŸ˜… #CodeNewbie #JS Weekend plans: Read a good playlist and some quiet time.,99.38443878728282,2023-12-14 01:29:58.430152,,,2023-12-31 08:01:20.983281
761e15b7-8fd6-42a0-81bb-3d2a0eb473bb,7,,"ðŸ“– #BookLovers Sometimes all you need is a good book, drink some tea, and relax.",21.116774736959076,2023-12-15 20:32:43.544299,,,
013a4bd7-bda1-4c63-8767-09f1aeb7b6ca,2,,"ðŸ“– #BookLovers Sometimes all you need is a good book, drink some tea, and relax.",39.7342579573982,2023-12-23 15:18:11.884716,,,
546bbca9-94c6-45ff-9c54-9aa7c5f4680f,18,,"ðŸ’¸ #TechTalk Just watched the latest episode of my favorite show, and I must say, it's not as scary as I thought!",84.7824844640181,2023-12-08 03:40:18.974427,,,
54df94b3-6306-42e2-8857-791d6df253bf,1,,See you on the day.,89.13299765730058,2023-08-10 09:12:51.862521,,,2023-12-07 12:32:20.257231
e006a304-d3b7-48be-88e2-1349c86c86bc,1,,See you on the day.,28.25197528275304,2021-03-12 04:40:15.666953,,,
504b877f-bc55-467e-a12c-0cfc03e24888,7,,See you on the day.,37.12003843497384,2023-09-27 02:20:02.522296,,,
4e0c5b47-f4aa-4609-8464-05840598cddf,7,,"ðŸ“– #BookLovers Sometimes all you need is a good book, drink some tea, and relax.",36.49267585184776,2023-11-23 02:34:26.501241,,,
d96ba269-00d7-4d30-9caf-a64ed0aff845,10,a3f0afa0-f31d-42ac-b447-726f09398268,ðŸ˜… #CodeNewbie #JS Weekend plans: Read a good playlist and some quiet time.,47.09545012603552,2023-10-30 13:51:40.023064,,,
8ecf210e-866d-4370-8ef6-ada5b03af11e,18,,"ðŸ“– #BookLovers Sometimes all you need is a good book, drink some tea, and relax.",10.21087687373836,2023-09-07 07:19:39.595331,,,
b487dff5-8bf9-4e74-8345-a02d01a7ad74,2,,"ðŸ“– #BookLovers Sometimes all you need is a good book, drink some tea, and relax.",36.97030555984102,2023-12-16 05:35:45.412861,,,
98f431f2-491f-46ab-92d5-18bef7199911,13,,ðŸ˜… #CodeNewbie #JS Weekend plans: Read a good playlist and some quiet time.,57.58983810004774,2021-03-09 11:04:27.555162,,,
04f2064c-2c62-4d52-a17b-ad69965c269d,11,,"ðŸ’¸ #TechTalk Just watched the latest episode of my favorite show, and I must say, it's not as scary as I thought!",10.472515398920013,2021-05-20 10:16:54.230870,,,
a9335e8f-8101-4cdd-8005-5893bf077f80,5,,"ðŸ’¸ #TechTalk Just watched the latest episode of my favorite show, and I must say, it's not as scary as I thought!",70.33210299871729,2021-05-08 09:34:41.739672,,,
00de51d7-b45e-48bf-b952-5079646ff952,16,,See you on the day.,29.552846468432314,2023-02-08 16:43:18.162894,,,
c0720bb7-74ac-462e-844a-8a73ec22f7e4,11,,"ðŸ’¸ #TechTalk Just watched the latest episode of my favorite show, and I must say, it's not as scary as I thought!",73.02961745000593,2020-10-03 11:09:22.573983,,,2021-07-02 20:35:40.545205
5bc84c93-d1af-468c-ab6a-799b70f1b3f3,7,,"ðŸ’¸ #TechTalk Just watched the latest episode of my favorite show, and I must say, it's not as scary as I thought!",31.95066080023221,2023-10-07 22:20:40.454933,,,
ee27ac4b-f887-4808-9684-d56f1df75b12,18,,See you on the day.,41.271711106758644,2023-04-22 02:59:48.712642,,,
3ed925bd-958c-4a71-87bf-5ff7f69db89d,19,,See you on the day.,27.761515775230595,2023-06-05 10:00:49.715159,,,2023-12-31 06:56:15.022281
ac66e370-8ba0-45dd-b975-df649493b93e,10,,See you on the day.,3.31792285974174,2023-12-03 02:54:35.470787,,,
738c7ffb-8186-4bb5-a275-66295d27275b,16,,See you on the day.,15.629483019572321,2022-12-19 17:17:51.188885,,,
a7f4e11d-b85d-49a6-b253-46e7a18918b3,10,,"ðŸ’¸ #TechTalk Just watched the latest episode of my favorite show, and I must say, it's not as scary as I thought!",28.722925754149298,2023-12-23 23:43:04.339272,,,
048f30fd-9b08-4e83-b92b-8ba94b85817e,17,,ðŸ˜… #CodeNewbie #JS Weekend plans: Read a good playlist and some quiet time.,92.70430283974673,2021-09-29 19:30:07.712445,,,
8b460d64-f2b9-4e30-ab95-d715dcaebb36,5,,ðŸ˜… #CodeNewbie #JS Weekend plans: Read a good playlist and some quiet time.,79.97206354732478,2021-04-04 19:47:06.549689,2021-04-14 15:54:16.011605,,
d76fdd7c-b444-4e44-93d1-01972ea8cfe6,11,,ðŸ˜… #CodeNewbie #JS Weekend plans: Read a good playlist and some quiet time.,38.379058131270604,2021-03-16 08:14:32.207759,,,
9dea3a96-6964-4cf0-abbb-b4513da166ea,10,,See you on the day.,38.679853658240695,2023-11-07 21:33:27.860615,,,
c2254241-dbc2-4422-9552-e29becb20ecf,2,,"ðŸ’¸ #TechTalk Just watched the latest episode of my favorite show, and I must say, it's not as scary as I thought!",81.69407385535591,2023-12-25 16:46:59.393016,,,
e035d164-9b8c-4ff4-8181-108b4845def8,16,,ðŸ˜… #CodeNewbie #JS Weekend plans: Read a good playlist and some quiet time.,39.529072658780166,2022-09-29 14:22:31.801128,,,
88554ea6-9f4c-4894-90e9-320812f89da4,5,,"ðŸ’¸ #TechTalk Just watched the latest episode of my favorite show, and I must say, it's not as scary as I thought!",53.041139295406566,2021-02-04 22:00:48.622364,,,
b19098b5-d355-4915-af09-e11a0079883a,9,,"ðŸ’¸ #TechTalk Just watched the latest episode of my favorite show, and I must say, it's not as scary as I thought!",73.40990802267703,2022-06-23 20:15:08.031742,,,
5b6d3ee1-f070-4300-9bae-e665d020d426,10,,See you on the day.,38.54766539661587,2023-12-03 04:01:18.192498,,2023-12-22 22:58:54.577708,
51145b40-f0cd-488a-994b-20addfed765f,2,,See you on the day.,16.335351055864944,2023-12-17 18:25:02.277338,,2023-12-27 21:06:03.849020,
dcafaf5a-90be-4d92-8aeb-765ee6717dcf,10,,ðŸ˜… #CodeNewbie #JS Weekend plans: Read a good playlist and some quiet time.,15.637694647404278,2023-11-23 15:46:12.160046,2023-12-19 02:35:33.623801,2023-12-24 14:07:59.020050,
314dbffc-b8bc-4bf6-8aae-5d9fd8afd472,13,,See you on the day.,53.74193064276061,2021-08-12 02:02:50.341187,,,
5d63de70-ced9-4c58-a9a6-12d07c598b36,15,,"ðŸ’¸ #TechTalk Just watched the latest episode of my favorite show, and I must say, it's not as scary as I thought!",29.127434290367262,2023-10-12 14:39:42.112413,,,
bb2307e6-435a-45f9-bd14-c69f41ad811e,3,,"ðŸ’¸ #TechTalk Just watched the latest episode of my favorite show, and I must say, it's not as scary as I thought!",40.613734223075205,2022-12-29 16:50:23.050103,,,
50dc7bae-f738-43cf-ae8d-f8e9dd4e8589,4,,"ðŸ’¸ #TechTalk Just watched the latest episode of my favorite show, and I must say, it's not as scary as I thought!",39.32811487326187,2023-08-07 20:12:49.095625,,,
42a938d4-baba-454b-8feb-0f5fc3d50a94,15,,"ðŸ’¸ #TechTalk Just watched the latest episode of my favorite show, and I must say, it's not as scary as I thought!",10.747169787659361,2023-12-23 12:54:14.342882,,,
f67f10f4-3401-4f3f-9f16-4d89caadc8b0,5,,See you on the day.,31.2318523133006,2021-10-03 22:40:15.060929,,,
7e6942d6-2c97-49c0-93fb-aeb7a7fb2eda,15,,"ðŸ’¸ #TechTalk Just watched the latest episode of my favorite show, and I must say, it's not as scary as I thought!",88.49309126223088,2023-09-21 09:01:21.969998,,,
b643ddf6-5ceb-4977-98e1-4d44292ad188,19,,"ðŸ’¸ #TechTalk Just watched the latest episode of my favorite show, and I must say, it's not as scary as I thought!",96.28462556446279,2022-04-15 14:49:27.023546,2023-08-19 02:25:50.139731,,
20190267-c68e-4535-ab54-c1681f13b19f,0,,ðŸ˜… #CodeNewbie #JS Weekend plans: Read a good playlist and some quiet time.,45.20010170038656,2021-05-03 20:42:10.331218,,,
4eac5488-e978-418e-b38c-9b133da3646a,3,,ðŸ˜… #CodeNewbie #JS Weekend plans: Read a good playlist and some quiet time.,23.838617779526196,2023-02-13 22:55:39.269510,,,
2d13fa14-257e-4bcf-b000-323878097a8b,10,,"ðŸ’¸ #TechTalk Just watched the latest episode of my favorite show, and I must say, it's not as scary as I thought!",68.60297141142907,2023-11-23 01:33:31.571016,,,
23b6fa42-cacc-42d9-9cfd-f05031d6b254,1,,See you on the day.,44.551384221678624,2022-10-18 13:52:11.561070,2022-12-28 00:12:57.667685,,
c6e6cef1-cb3f-4413-8712-fa33c271b577,5,,"ðŸ’¸ #TechTalk Just watched the latest episode of my favorite show, and I must say, it's not as scary as I thought!",56.78536051225285,2021-03-02 07:05:53.345486,,,
053796d3-cf1e-4f7e-ac2c-15dde8dd2fe3,2,,ðŸ˜… #CodeNewbie #JS Weekend plans: Read a good playlist and some quiet time.,7.759773571525352,2023-12-24 09:06:58.188705,,,
97d97975-bbcf-4fe3-aecc-a75792182821,5,,"ðŸ’¸ #TechTalk Just watched the latest episode of my favorite show, and I must say, it's not as scary as I thought!",75.08438621235459,2020-11-12 06:08:52.110107,,2023-11-05 16:45:42.506945,
8d0c25d6-121a-48f8-b5bf-942241056404,14,,See you on the day.,93.64423569089718,2022-08-31 16:17:07.510023,,,
1f39f92b-28a7-49c5-99ca-5a570b4ae976,16,,See you on the day.,35.897808005301904,2023-02-23 17:20:35.299638,,,
26b09020-83a3-41f8-ab3c-1633ce8e7309,11,,ðŸ˜… #CodeNewbie #JS Weekend plans: Read a good playlist and some quiet time.,95.48647671617968,2019-06-07 10:42:57.828544,2020-01-24 20:57:27.806384,,
c387376d-1f1b-4ffc-b7fd-9ba2f440e4ef,14,,"ðŸ“– #BookLovers Sometimes all you need is a good book, drink some tea, and relax.",60.90973259642598,2021-06-03 04:40:07.450269,,,
99b637d4-efeb-49a1-a4c9-7331bf45f316,14,,"ðŸ“– #BookLovers Sometimes all you need is a good book, drink some tea, and relax.",89.77480408128199,2022-03-06 07:44:50.370574,,,2023-05-26 21:56:30.563152
f8f7c1e9-1264-487f-ab24-045caccfbe52,16,,"ðŸ“– #BookLovers Sometimes all you need is a good book, drink some tea, and relax.",56.73750473309988,2023-03-03 23:37:59.256979,,,
ef92d171-88ab-46aa-b30b-8f0d493a2c46,13,,See you on the day.,62.23271426395489,2021-01-12 18:19:45.471578,,2023-12-29 11:37:11.903453,2023-12-31 16:22:06.716722
fef8f571-fa3a-4bbe-ab5f-f4c9a141ed68,19,,"ðŸ’¸ #TechTalk Just watched the latest episode of my favorite show, and I must say, it's not as scary as I thought!",52.510328155648665,2021-11-13 00:12:04.896024,2023-07-19 02:27:45.388526,,
d12ccc38-64a2-427b-83c5-98bb170052b2,10,,ðŸ˜… #CodeNewbie #JS Weekend plans: Read a good playlist and some quiet time.,16.41205322749587,2023-11-21 14:11:55.150617,,,
a745c3b7-d135-40a8-aad1-2d2d1bd6515a,9,,"ðŸ“– #BookLovers Sometimes all you need is a good book, drink some tea, and relax.",2.9947298639019015,2022-02-12 23:36:54.951611,,,
4e59ab57-4d5c-4dca-a827-740966d64f5e,7,,ðŸ˜… #CodeNewbie #JS Weekend plans: Read a good playlist and some quiet time.,23.389566187541387,2023-10-18 05:48:48.088541,,,
a6ab6f56-4025-4b7a-9567-238cdbd70061,8,,"ðŸ“– #BookLovers Sometimes all you need is a good book, drink some tea, and relax.",60.52436127066416,2023-06-23 16:35:24.505288,,,
2c852e0c-cf48-4123-9d48-edd8b63f3ff1,12,,ðŸ˜… #CodeNewbie #JS Weekend plans: Read a good playlist and some quiet time.,3.1826017896742442,2023-11-29 07:49:37.110509,,,
86dbef35-e431-44b9-b732-d2ff76558cd9,19,,ðŸ˜… #CodeNewbie #JS Weekend plans: Read a good playlist and some quiet time.,32.88525129861581,2022-10-12 22:47:48.346870,,,
81bbd3c8-e45a-43a5-b9cc-720034b9690c,15,,"ðŸ“– #BookLovers Sometimes all you need is a good book, drink some tea, and relax.",69.58597661841478,2023-09-26 20:04:41.489021,,,
9638a315-f42f-4009-a578-d8fa3cb87ce2,6,,"ðŸ“– #BookLovers Sometimes all you need is a good book, drink some tea, and relax.",55.75232618446342,2023-11-02 02:44:55.569587,,,
e6196144-5767-490c-a69b-3653a34c798a,13,,ðŸ˜… #CodeNewbie #JS Weekend plans: Read a good playlist and some quiet time.,73.91085589789603,2022-12-21 04:58:08.299458,,,2023-11-23 09:14:43.902571
30c650c4-00c3-4eea-a957-83b17e1a3fe2,18,,"ðŸ’¸ #TechTalk Just watched the latest episode of my favorite show, and I must say, it's not as scary as I thought!",63.79662611739817,2023-04-26 17:49:11.101029,,,
7f76f3e7-ecde-4ecf-a6d1-5159ff5a3349,13,,"ðŸ’¸ #TechTalk Just watched the latest episode of my favorite show, and I must say, it's not as scary as I thought!",89.1855480033729,2020-04-09 17:21:22.132601,2022-08-26 06:35:00.442734,,
f52269ad-27da-4d7e-a19f-bba5f08ce447,18,,ðŸ˜… #CodeNewbie #JS Weekend plans: Read a good playlist and some quiet time.,45.9833202761756,2023-06-01 13:40:38.129506,,,
c4b4f794-0414-45d6-b620-779672844057,19,,ðŸ˜… #CodeNewbie #JS Weekend plans: Read a good playlist and some quiet time.,13.171967171136645,2023-11-07 18:04:09.993137,,,
929af2b0-48a2-4e4c-aa77-b7576356201b,7,,See you on the day.,25.291410832090843,2023-12-31 02:15:42.769958,,,
22cf0dc4-ca4b-4b1d-90d0-8e00b73dc56b,5,761e15b7-8fd6-42a0-81bb-3d2a0eb473bb,"ðŸ“– #BookLovers Sometimes all you need is a good book, drink some tea, and relax.",87.59428090077837,2021-11-09 08:05:49.379215,,,
bc2ced03-fe07-4a3c-b92b-c1a1e7233d46,14,,"ðŸ’¸ #TechTalk Just watched the latest episode of my favorite show, and I must say, it's not as scary as I thought!",78.95651442957626,2022-10-30 03:21:16.251592,,,
f7884e5f-1949-46d2-af36-8b8440fb3373,8,,ðŸ˜… #CodeNewbie #JS Weekend plans: Read a good playlist and some quiet time.,90.42631883190437,2023-03-01 23:34:51.843477,2023-06-05 01:51:21.689997,,
5c135b73-8655-44bb-8ed5-5716bd11c2cb,16,,See you on the day.,95.18057556378928,2023-09-02 12:51:05.513213,,,2023-12-30 15:44:10.197145
5d2dc933-fb5d-4581-a045-712d82e816af,4,,"ðŸ’¸ #TechTalk Just watched the latest episode of my favorite show, and I must say, it's not as scary as I thought!",31.562236522742893,2022-02-03 13:40:52.419571,,,
c7f71026-ca57-48ef-a695-6c5960b39473,6,,"ðŸ’¸ #TechTalk Just watched the latest episode of my favorite show, and I must say, it's not as scary as I thought!",24.535528099817437,2023-11-15 18:49:08.046042,,,
4bcb3277-a003-4262-a6fb-062d1d8bad4e,0,,See you on the day.,56.20093788581657,2022-08-14 01:41:55.099790,,,
f8e14939-7e4c-4f84-91a0-1b00fc384058,16,,"ðŸ“– #BookLovers Sometimes all you need is a good book, drink some tea, and relax.",69.05820362158772,2023-02-11 20:02:47.167244,,,
cb6c3897-693e-4d07-90f5-1577e7b198e9,10,,"ðŸ“– #BookLovers Sometimes all you need is a good book, drink some tea, and relax.",38.7575110173809,2023-11-16 08:11:21.180223,2023-12-03 20:09:46.365542,,
962ba6c5-395d-4a55-9a03-03a0117e5f08,18,,See you on the day.,93.64237538835891,2023-08-19 06:25:20.594143,,,2023-12-01 21:12:59.999974
db75c661-9fbe-4f60-8bde-ef6b8acd82d6,11,,"ðŸ“– #BookLovers Sometimes all you need is a good book, drink some tea, and relax.",41.240557720084595,2021-02-05 04:48:08.691332,,,
78f822d7-0c89-4eba-a69e-8af9165328fc,19,,"ðŸ’¸ #TechTalk Just watched the latest episode of my favorite show, and I must say, it's not as scary as I thought!",74.63687272898835,2021-04-20 09:19:47.215495,,,2023-12-15 09:02:22.165887
7fcde20e-a7b4-4f9b-a482-a08f37b26973,17,,"ðŸ“– #BookLovers Sometimes all you need is a good book, drink some tea, and relax.",20.3066419745343,2022-05-03 00:45:01.105496,2023-11-29 15:17:51.867979,,
d19d3c99-8f4e-47b8-983f-1a1febb19c47,13,,"ðŸ“– #BookLovers Sometimes all you need is a good book, drink some tea, and relax.",16.18135381759087,2021-05-19 07:12:15.891514,2022-09-06 08:19:06.629169,2023-01-16 18:40:09.262618,
256ef8a3-3c74-4f33-a12c-8b2e2bd1107c,3,,"ðŸ’¸ #TechTalk Just watched the latest episode of my favorite show, and I must say, it's not as scary as I thought!",53.205215145041095,2022-10-21 22:52:12.368047,,,
d4a2006c-6294-4ccb-889a-6afb041da62d,5,,ðŸ˜… #CodeNewbie #JS Weekend plans: Read a good playlist and some quiet time.,38.55886132537909,2021-07-15 04:22:45.876216,,,
003f74e5-d724-423c-a913-de078df8c8bc,18,,See you on the day.,50.08289271785726,2023-06-15 07:28:40.686052,,,
ea51a4d3-8400-406d-bd8f-e25b018bedbe,18,,"ðŸ“– #BookLovers Sometimes all you need is a good book, drink some tea, and relax.",66.29114190587559,2023-10-16 01:21:20.967959,,,
e28f609a-59df-4c57-bfed-d47128599b3a,9,,See you on the day.,80.53713334170357,2021-11-17 02:33:33.551657,,,
a77914cb-db1a-4244-b235-3d515ae4463e,17,,"ðŸ“– #BookLovers Sometimes all you need is a good book, drink some tea, and relax.",34.60820635439222,2022-06-21 14:48:37.138283,,,
7a882583-94e9-447d-a9d4-25bc09688ae3,17,,"ðŸ’¸ #TechTalk Just watched the latest episode of my favorite show, and I must say, it's not as scary as I thought!",54.3561216385134,2023-06-02 09:30:51.383698,,,
97bfbc5a-4e59-409e-8b58-a5a9f9ad096b,19,,ðŸ˜… #CodeNewbie #JS Weekend plans: Read a good playlist and some quiet time.,62.344687577228356,2021-12-11 17:39:55.892126,,,
fb20ebb7-70db-4a3d-b4a5-7e967e20a69c,7,,ðŸ˜… #CodeNewbie #JS Weekend plans: Read a good playlist and some quiet time.,55.87082376983934,2023-09-07 03:42:24.587825,,,
b1423c58-6dbd-4cff-b25a-df9c900648eb,6,,See you on the day.,38.4998283740006,2023-08-14 10:19:33.209573,,,
5840652f-db94-47e9-ab08-f74605c038f0,10,,ðŸ˜… #CodeNewbie #JS Weekend plans: Read a good playlist and some quiet time.,7.662431705584849,2023-12-27 17:21:49.746258,,2023-12-31 09:34:49.113435,
72e361fc-697e-4803-b60a-7f11f7eb6d60,15,,ðŸ˜… #CodeNewbie #JS Weekend plans: Read a good playlist and some quiet time.,78.75760409412639,2023-05-20 14:31:24.111305,,,
474c53f8-5fd9-4a70-9889-708193c3593d,0,,See you on the day.,7.438739048668131,2022-02-24 06:41:18.251968,,,
87b5415f-39cd-4336-a0f6-2bfeb74501d8,14,,See you on the day.,59.675273219385325,2022-01-17 06:24:36.415107,,,
2b6f3e0d-afa1-46f2-a3fe-af00c6445876,11,,"ðŸ“– #BookLovers Sometimes all you need is a good book, drink some tea, and relax.",83.67215167121083,2020-07-31 22:40:51.510910,,,
6053a30b-d46c-4466-9764-2ca61cfe06ae,6,,"ðŸ’¸ #TechTalk Just watched the latest episode of my favorite show, and I must say, it's not as scary as I thought!",47.06028854998472,2023-10-10 16:22:43.842436,,,
3987692f-efae-492c-9346-d586cda2d829,9,,ðŸ˜… #CodeNewbie #JS Weekend plans: Read a good playlist and some quiet time.,35.57333465820087,2019-10-01 03:11:17.781512,,2021-02-03 13:32:41.860253,
29d8e892-a9ea-41d3-aea1-bcb27e52390e,2,,See you on the day.,30.882635355155287,2023-12-28 06:59:23.318329,2023-12-30 15:30:13.256895,,
6e6e03d1-d317-4170-9f7d-66c39a94a95a,12,,See you on the day.,21.824788731656554,2023-12-22 20:09:23.671774,,,
c6679e72-2d82-430f-a5a0-b896cd6cca57,2,,"ðŸ“– #BookLovers Sometimes all you need is a good book, drink some tea, and relax.",69.78230726458816,2023-12-23 07:11:07.299018,,,
46ab6ef4-2b88-46e4-a4ee-fd9ee61ba2ac,2,,ðŸ˜… #CodeNewbie #JS Weekend plans: Read a good playlist and some quiet time.,74.3021557718874,2023-12-15 14:38:37.152123,,,2023-12-28 02:15:12.234466
43c5e835-f21e-41ac-9366-b607b5e76eab,9,,"ðŸ“– #BookLovers Sometimes all you need is a good book, drink some tea, and relax.",95.17995521405437,2020-06-11 05:46:32.808097,,,
51715fea-b7ee-459e-9901-61d0b8812d12,13,,"ðŸ’¸ #TechTalk Just watched the latest episode of my favorite show, and I must say, it's not as scary as I thought!",77.3587499621867,2023-09-09 17:44:59.480313,,,
dc8049d1-7dc0-45ad-95d8-8a9053033a1b,16,,"ðŸ“– #BookLovers Sometimes all you need is a good book, drink some tea, and relax.",75.80356718891115,2023-06-17 15:50:06.380499,,,
744c3b84-d3e1-41d3-a943-be3bdbda86f5,3,ee27ac4b-f887-4808-9684-d56f1df75b12,"ðŸ’¸ #TechTalk Just watched the latest episode of my favorite show, and I must say, it's not as scary as I thought!",10.031630328082263,2023-06-06 07:49:28.270576,,,
69c6a80f-96bc-4d56-94d7-39813a017192,10,,See you on the day.,23.96848917057658,2023-12-03 19:02:26.240936,,,
7956eadb-b653-453d-b124-677950ac73a4,8,,ðŸ˜… #CodeNewbie #JS Weekend plans: Read a good playlist and some quiet time.,17.679249873942094,2022-09-13 23:24:07.015325,,,
04c4057d-349a-4c64-a93b-18ebb3dacbb1,8,,ðŸ˜… #CodeNewbie #JS Weekend plans: Read a good playlist and some quiet time.,93.66957262577684,2023-06-30 15:08:50.109911,,,
53a15e9c-0831-492a-826d-b07574c6a3f8,15,,ðŸ˜… #CodeNewbie #JS Weekend plans: Read a good playlist and some quiet time.,80.16175149228334,2023-05-24 22:10:54.579741,,2023-09-18 09:54:01.253019,
b36767eb-c7e8-49a3-9c46-8a0d5889371c,12,,"ðŸ“– #BookLovers Sometimes all you need is a good book, drink some tea, and relax.",84.75326827852513,2023-10-28 12:42:38.905141,,,
4ee91b67-7eb3-4935-8fb5-3ace4a533113,14,,ðŸ˜… #CodeNewbie #JS Weekend plans: Read a good playlist and some quiet time.,2.6134940135081997,2022-06-17 08:56:28.596388,,2023-08-21 12:51:10.290801,
29d97f41-9a68-44f9-8c6b-f6e2c7b2bb84,14,,"ðŸ’¸ #TechTalk Just watched the latest episode of my favorite show, and I must say, it's not as scary as I thought!",5.003256107367038,2021-06-06 00:50:34.183288,,,
c04e4a91-8042-4209-9e4f-039144d43dc2,3,,See you on the day.,52.86505563800199,2022-11-10 11:19:09.667752,,,
75015814-53c8-4a08-a42e-3d1b383473e2,11,,ðŸ˜… #CodeNewbie #JS Weekend plans: Read a good playlist and some quiet time.,72.02930556841302,2019-12-11 04:10:41.089065,,,
622617ad-5ef7-4a5f-84fd-e03aeef897f4,10,,ðŸ˜… #CodeNewbie #JS Weekend plans: Read a good playlist and some quiet time.,47.51266765572514,2023-11-24 00:10:48.775366,,,2023-12-26 11:53:19.441510
8f4d4ab1-7145-4d73-a364-b2e6d70896e8,0,,"ðŸ’¸ #TechTalk Just watched the latest episode of my favorite show, and I must say, it's not as scary as I thought!",27.083020812357816,2022-03-20 21:40:56.300358,,,
66de6341-140f-4dc0-976d-a07c40f7d00b,15,,"ðŸ’¸ #TechTalk Just watched the latest episode of my favorite show, and I must say, it's not as scary as I thought!",92.58412196527817,2023-06-03 01:57:57.184904,,,2023-12-28 18:40:02.287653
61862a67-4932-40bd-aaae-45c4279234c4,3,,See you on the day.,51.869143089451676,2023-08-07 18:23:31.302979,2023-11-29 10:23:00.999992,,
e746d47d-2c8d-4295-8d2e-9cd2dbd9c979,13,,ðŸ˜… #CodeNewbie #JS Weekend plans: Read a good playlist and some quiet time.,33.70222988121346,2023-01-31 08:47:10.120812,,,
dcc781f3-6552-4a6d-98b5-a744e6d0cea5,0,,"ðŸ’¸ #TechTalk Just watched the latest episode of my favorite show, and I must say, it's not as scary as I thought!",35.688633766758585,2021-07-04 11:07:29.135320,,,
da3860bd-c9a8-47a1-8670-df6c5b2e2d24,1,,"ðŸ“– #BookLovers Sometimes all you need is a good book, drink some tea, and relax.",83.59967147763322,2021-06-06 11:54:08.175273,,,
d14c0d10-ca7f-4b38-89ae-566c6b843956,16,,"ðŸ“– #BookLovers Sometimes all you need is a good book, drink some tea, and relax.",19.45300632416688,2022-06-19 08:25:42.350922,,2023-04-22 13:07:12.778526,2023-12-29 04:07:38.477601
08a34cf2-02c5-4230-a499-72107cb1d2c4,2,,ðŸ˜… #CodeNewbie #JS Weekend plans: Read a good playlist and some quiet time.,15.404491918488628,2023-12-30 01:51:27.592015,,2023-12-31 08:57:51.294159,
c5e78964-2472-4b3d-80cb-cf1847d0096e,4,,See you on the day.,12.745715183205897,2023-12-06 22:39:08.689547,,,
ade6c1cd-3c39-4390-8901-6e6eaf45a744,11,,ðŸ˜… #CodeNewbie #JS Weekend plans: Read a good playlist and some quiet time.,16.78847789723983,2020-03-28 04:36:16.245417,,,2021-04-24 12:11:27.182745
f644f97a-29bb-4547-8258-2b7d1abe2ea7,11,,"ðŸ“– #BookLovers Sometimes all you need is a good book, drink some tea, and relax.",13.227768525017092,2020-03-15 16:47:33.125746,,,
e731185f-4584-4cc5-89e0-712e2c192c3e,3,,"ðŸ“– #BookLovers Sometimes all you need is a good book, drink some tea, and relax.",65.44077134994362,2022-03-27 21:01:43.837909,,,2023-10-01 11:56:12.415849
743761bf-75e2-4139-9ba5-2ee3e906a15e,11,,"ðŸ“– #BookLovers Sometimes all you need is a good book, drink some tea, and relax.",58.727354676634725,2020-02-03 05:18:44.748138,,,
33ba2af1-121b-44ae-9304-344c9991c39e,9,,See you on the day.,60.587252672267525,2022-10-12 16:30:33.113440,,,
eeeffffc-e639-4cdf-8aea-c2f615dc1673,1,,ðŸ˜… #CodeNewbie #JS Weekend plans: Read a good playlist and some quiet time.,52.21792128783351,2020-10-14 20:08:43.341241,2021-08-25 05:25:04.090144,,
25588276-3a98-4f61-be56-97a71a89b9ae,19,,See you on the day.,86.63845944071088,2023-06-19 20:33:14.151559,,,
8407c0f6-6dfa-494c-987d-f1a0d02eebb1,10,,"ðŸ’¸ #TechTalk Just watched the latest episode of my favorite show, and I must say, it's not as scary as I thought!",0.4610103106840069,2023-11-27 03:12:41.796853,,,
1b5fd527-df76-41fa-81c0-70ecd520ffb3,2,,"ðŸ’¸ #TechTalk Just watched the latest episode of my favorite show, and I must say, it's not as scary as I thought!",30.188113545498563,2023-12-25 04:47:12.953672,,,
0910ec4f-a46c-4b3b-8e22-e3f86750151d,5,,ðŸ˜… #CodeNewbie #JS Weekend plans: Read a good playlist and some quiet time.,37.424688365483185,2022-08-01 20:30:47.991775,,,2023-12-11 04:19:10.725083
97f7a61b-b298-49e7-b83e-d06ca0748732,15,0700b85b-4136-409b-9c99-9bd4cf47c44c,ðŸ˜… #CodeNewbie #JS Weekend plans: Read a good playlist and some quiet time.,15.05936605935877,2023-12-12 07:30:49.510309,,,
c654a3c2-bb9f-414b-9e04-b16ca745f8c4,11,,"ðŸ“– #BookLovers Sometimes all you need is a good book, drink some tea, and relax.",43.50138678711561,2019-07-10 02:05:23.499225,,,2021-09-09 01:09:50.939896
53c92253-9cb8-4cd3-b3f0-e5d9002ec9d1,2,,"ðŸ’¸ #TechTalk Just watched the latest episode of my favorite show, and I must say, it's not as scary as I thought!",88.78015337899258,2023-12-20 19:43:28.341294,,2023-12-29 21:38:04.393628,
6a2d3a78-507c-43ec-b33e-d506354d959c,18,,"ðŸ’¸ #TechTalk Just watched the latest episode of my favorite show, and I must say, it's not as scary as I thought!",53.48321875860359,2023-06-03 18:29:17.160711,,,
927cd856-d1c6-459b-b0c2-3755224fb234,7,,See you on the day.,48.20803725532925,2023-10-26 09:20:16.647123,,,2023-12-04 01:35:39.985958
09f531d2-ecbf-456f-abde-feab6dd4c6fb,7,,"ðŸ’¸ #TechTalk Just watched the latest episode of my favorite show, and I must say, it's not as scary as I thought!",90.28091992027373,2023-09-24 23:44:58.103272,,,
01eb61cb-549e-4459-b741-0ac7f33e7ee3,18,,See you on the day.,85.7767315949818,2023-06-26 04:35:44.510533,,,2023-12-31 08:28:04.014113
4b2c552a-0993-4edf-b057-eef3bd0d483f,10,,"ðŸ“– #BookLovers Sometimes all you need is a good book, drink some tea, and relax.",83.7777625504541,2023-11-27 22:28:24.115467,,,
16e380bc-6e5f-40ef-802e-abfa97f59b59,6,,See you on the day.,87.99609662778151,2023-12-19 00:19:24.329514,,2023-12-28 07:03:27.570651,
f1a07162-2537-45ea-883e-be4c0b93d147,8,,See you on the day.,51.16789725278004,2022-11-11 11:49:08.115283,,,
255f4295-ec94-40c2-a13d-b5de78404332,6,,"ðŸ’¸ #TechTalk Just watched the latest episode of my favorite show, and I must say, it's not as scary as I thought!",69.3191438469143,2023-11-14 19:19:53.244709,,,
b7d2f2cf-81c7-4820-bd60-4a85d666e9fc,10,,"ðŸ“– #BookLovers Sometimes all you need is a good book, drink some tea, and relax.",45.52919149094288,2023-12-19 14:50:07.197597,,,
f9590d1b-2a86-4186-bbab-bdc50d5aec07,7,,See you on the day.,35.36189096537823,2023-09-16 00:21:02.740321,,,
29e80cb0-d05e-4039-adf0-34cc30678f1a,14,,"ðŸ“– #BookLovers Sometimes all you need is a good book, drink some tea, and relax.",55.48748474753472,2021-07-24 15:47:40.421078,,,
bace6326-9d77-4283-9d92-842e9b6b056a,12,,"ðŸ“– #BookLovers Sometimes all you need is a good book, drink some tea, and relax.",52.61768610233325,2023-11-22 06:49:53.972338,,,
1dff06ad-c0fb-447c-9e43-38674998d62c,17,,See you on the day.,29.876530566243055,2022-06-30 13:31:41.023654,,,
7ca2b8be-479c-4cd1-970f-844ff2b102c0,9,,"ðŸ’¸ #TechTalk Just watched the latest episode of my favorite show, and I must say, it's not as scary as I thought!",24.75208220638807,2022-01-03 17:36:03.341580,,,
38f021f9-3b15-4d8a-a23a-a3acda9b804d,11,,ðŸ˜… #CodeNewbie #JS Weekend plans: Read a good playlist and some quiet time.,24.389325254387828,2021-01-18 12:19:16.707684,2021-04-30 23:39:10.872268,,
27389515-45ba-4600-bf75-a895788ce908,10,,"ðŸ“– #BookLovers Sometimes all you need is a good book, drink some tea, and relax.",12.13827088964743,2023-11-28 20:01:59.924776,,,
e0d62f62-ef30-4238-92b9-c20b4ad586ce,8,,"ðŸ’¸ #TechTalk Just watched the latest episode of my favorite show, and I must say, it's not as scary as I thought!",53.125723479203835,2023-01-08 10:21:38.868951,,,
e0e17cf6-929b-4acd-ab8e-b1d3031704ba,15,,"ðŸ’¸ #TechTalk Just watched the latest episode of my favorite show, and I must say, it's not as scary as I thought!",94.84773339139625,2023-05-31 19:24:01.546887,,,2023-12-27 09:43:08.333598
6d6fd669-9b55-435f-bfa6-495e5cb39153,0,,"ðŸ’¸ #TechTalk Just watched the latest episode of my favorite show, and I must say, it's not as scary as I thought!",78.09850308886432,2023-09-11 03:00:07.976558,,,
31d92e2f-ce8d-4027-af8c-68f67edccf08,1,,"ðŸ“– #BookLovers Sometimes all you need is a good book, drink some tea, and relax.",75.41411179671792,2022-05-03 03:33:59.159113,,,
27bf1cd7-d275-4d7f-b6dc-d4c7097436b7,15,,See you on the day.,97.9678533971899,2023-12-13 15:51:55.605342,,,2023-12-29 20:50:33.875516
0bf0d94f-63a0-4d93-abcc-b6ff94c14f81,11,,"ðŸ“– #BookLovers Sometimes all you need is a good book, drink some tea, and relax.",22.585100856676476,2019-08-13 09:13:01.873874,,,
e6f11557-8391-4a4c-adc6-9e390c3784ca,9,,See you on the day.,13.6030500508583,2021-08-05 14:36:41.071046,,,
8c6e96d6-a5a8-47b4-bc48-fe1fef38978d,2,,ðŸ˜… #CodeNewbie #JS Weekend plans: Read a good playlist and some quiet time.,84.65660509057446,2023-12-21 01:45:57.794715,,,
83038922-44ba-4486-9e5a-17e1824ae285,19,,"ðŸ“– #BookLovers Sometimes all you need is a good book, drink some tea, and relax.",81.330131959278,2023-12-05 05:10:35.887469,,,
748f84a7-7888-4860-a952-b438ba82d6bb,5,,"ðŸ’¸ #TechTalk Just watched the latest episode of my favorite show, and I must say, it's not as scary as I thought!",41.020340359854124,2022-12-30 11:02:10.958463,,2023-08-26 12:51:49.212822,
e85975b8-d6f0-4fb2-95cc-97447986cbe4,17,,ðŸ˜… #CodeNewbie #JS Weekend plans: Read a good playlist and some quiet time.,68.35502619234781,2022-04-21 07:40:14.067091,,2023-08-18 23:31:41.800568,
c9745f76-06e3-483e-81ba-0899d78c831b,1,,ðŸ˜… #CodeNewbie #JS Weekend plans: Read a good playlist and some quiet time.,51.743491647337855,2021-10-29 01:27:04.962463,,,2023-12-29 18:11:18.183135
6fc52821-bfe0-4105-9cc2-55e93fb2df1b,13,,"ðŸ’¸ #TechTalk Just watched the latest episode of my favorite show, and I must say, it's not as scary as I thought!",25.0473901066013,2021-11-05 21:54:58.249277,,,
615e2e11-b935-4d74-a064-d1c5a3336d2c,17,,"ðŸ“– #BookLovers Sometimes all you need is a good book, drink some tea, and relax.",67.3927361019389,2022-03-30 15:54:57.080843,,,
90e4f05c-aa35-4c69-8915-2850057a4c36,11,,ðŸ˜… #CodeNewbie #JS Weekend plans: Read a good playlist and some quiet time.,75.52205738931194,2020-07-11 12:38:39.431664,,,
c1524c6a-1117-49cd-8d68-27e4245c4c1d,0,,"ðŸ’¸ #TechTalk Just watched the latest episode of my favorite show, and I must say, it's not as scary as I thought!",58.71372014465527,2021-06-01 04:08:35.677198,,,
7d9cf7a8-9cce-42db-bd6a-ccae78e9c4b0,9,,ðŸ˜… #CodeNewbie #JS Weekend plans: Read a good playlist and some quiet time.,54.41881208520917,2021-09-04 06:24:58.140442,,,
c2522503-0eb4-42c3-a6b2-e65e5a6f9e06,16,,ðŸ˜… #CodeNewbie #JS Weekend plans: Read a good playlist and some quiet time.,5.213974637748075,2023-06-28 15:48:32.523723,,,
396549fe-be07-482b-a11a-40a14084754b,4,,See you on the day.,28.217700131988654,2023-10-09 23:53:34.591135,,,2023-12-30 03:57:31.061510
659b1fda-4db1-4a01-9d62-c92272449f2a,14,,"ðŸ“– #BookLovers Sometimes all you need is a good book, drink some tea, and relax.",3.161632139856274,2023-07-29 02:44:26.101535,2023-10-01 21:29:50.417750,2023-11-23 08:00:48.830057,
25690f8a-2d0e-40db-b95e-e35b1e470de8,9,,"ðŸ“– #BookLovers Sometimes all you need is a good book, drink some tea, and relax.",38.938070184272874,2020-05-10 12:52:06.647372,,,
d170f51b-525a-4ec3-bb39-18502846ec5a,5,,"ðŸ’¸ #TechTalk Just watched the latest episode of my favorite show, and I must say, it's not as scary as I thought!",31.903648314513376,2022-04-29 17:29:35.195619,,,2023-08-22 16:49:53.844593
451a05ec-6c85-45d5-83cc-419944080c2a,6,,"ðŸ’¸ #TechTalk Just watched the latest episode of my favorite show, and I must say, it's not as scary as I thought!",27.29032092194513,2023-11-02 12:52:38.773943,,,
9c933483-21fc-47e1-84ea-43f419a66537,2,,"ðŸ’¸ #TechTalk Just watched the latest episode of my favorite show, and I must say, it's not as scary as I thought!",38.75164048516419,2023-12-21 00:57:43.035547,,,
7c6018e8-5f05-4f2b-8bb1-6c00f84d47ff,10,,See you on the day.,28.06827617827694,2023-11-18 09:44:01.010243,,,
a4d689d6-371d-4945-9f9e-a721d7cb0ef9,3,,"ðŸ“– #BookLovers Sometimes all you need is a good book, drink some tea, and relax.",49.45130346041595,2023-05-12 15:52:34.042933,,,2023-12-27 22:52:58.753365
42ffcc10-3e92-4e07-8cf0-9d131bd09a1d,0,,See you on the day.,91.88569104997515,2021-08-31 10:48:20.300758,2022-12-16 06:46:50.836822,,
e823badb-6ef0-46bf-ab55-2a02b3707c02,15,,"ðŸ“– #BookLovers Sometimes all you need is a good book, drink some tea, and relax.",4.468820402840146,2023-12-03 00:31:59.613229,,,
4297c8c9-1736-4fd7-8dc5-3e68cc4b8b71,18,,"ðŸ’¸ #TechTalk Just watched the latest episode of my favorite show, and I must say, it's not as scary as I thought!",76.77333291194012,2023-10-29 02:04:32.555816,,,
96523054-9b59-49cf-b709-1f7c0518cf14,4,,"ðŸ’¸ #TechTalk Just watched the latest episode of my favorite show, and I must say, it's not as scary as I thought!",45.055413644912626,2023-03-25 05:01:01.887627,,2023-12-12 02:32:54.973511,
e929b857-3ebf-4023-a000-c3a4a41cb67e,6,8f4d4ab1-7145-4d73-a364-b2e6d70896e8,"ðŸ“– #BookLovers Sometimes all you need is a good book, drink some tea, and relax.",3.2974635865769097,2023-11-15 02:51:26.254540,,,
5a372d8f-30c9-4d86-978c-3f3c8dfca76b,8,,"ðŸ’¸ #TechTalk Just watched the latest episode of my favorite show, and I must say, it's not as scary as I thought!",80.6969358195575,2023-05-03 20:28:35.287791,,,
3dbed1b1-5824-4cb7-ba9d-1df7cb11b70a,19,,"ðŸ’¸ #TechTalk Just watched the latest episode of my favorite show, and I must say, it's not as scary as I thought!",87.78024185810062,2022-09-05 01:17:31.010614,2023-08-21 23:56:18.936571,,
639dc79a-2878-44b6-a182-80d25b465f40,8,,ðŸ˜… #CodeNewbie #JS Weekend plans: Read a good playlist and some quiet time.,0.10523185982354022,2023-08-12 23:44:25.625594,,,
bcc12906-0a21-4307-86ce-234deac27a04,12,,See you on the day.,55.525505073592896,2023-10-08 11:38:02.744771,,,
de1d64cf-9355-4cd5-9093-b9617ebd9a13,0,,"ðŸ’¸ #TechTalk Just watched the latest episode of my favorite show, and I must say, it's not as scary as I thought!",76.28667473455828,2021-05-29 15:42:22.407731,,,
8101c80b-d67e-442b-b4ca-1c6dc1fcd81c,0,,"ðŸ’¸ #TechTalk Just watched the latest episode of my favorite show, and I must say, it's not as scary as I thought!",55.753708706680115,2021-03-17 07:46:49.658647,,,
d9fcb37e-4d23-44f5-a8ba-085de303473a,0,,"ðŸ“– #BookLovers Sometimes all you need is a good book, drink some tea, and relax.",35.74227730812569,2023-02-03 03:46:15.582833,,,
d7c5d73d-2231-48cf-a33b-86805468f0ee,1,,See you on the day.,90.3418114355744,2023-01-22 05:31:24.519418,,2023-12-07 09:04:29.906895,
c5193b3f-e555-4a90-9ea7-7a2df6d1547e,17,,"ðŸ“– #BookLovers Sometimes all you need is a good book, drink some tea, and relax.",41.28968360432492,2023-08-25 13:15:05.813875,,,
1b8e3349-e6a8-48f5-8112-cebe59ac6d3b,10,,"ðŸ’¸ #TechTalk Just watched the latest episode of my favorite show, and I must say, it's not as scary as I thought!",73.57757504914058,2023-12-01 16:43:39.841551,,,
3b9fcca4-af14-4918-8bc1-03804667c8c6,11,,"ðŸ’¸ #TechTalk Just watched the latest episode of my favorite show, and I must say, it's not as scary as I thought!",10.66520279986901,2021-04-21 06:08:15.461737,,,
4ab611e5-f622-4897-a409-b9f1dd19d4a4,15,,ðŸ˜… #CodeNewbie #JS Weekend plans: Read a good playlist and some quiet time.,51.78740595832417,2023-07-29 05:07:55.242624,,,
24fceae8-cb7b-4980-984e-64f3ec32f2aa,7,,ðŸ˜… #CodeNewbie #JS Weekend plans: Read a good playlist and some quiet time.,86.28188798707353,2023-09-04 04:24:24.416629,,,
977f88a6-59a7-4c49-b65c-b3b00b295f4e,11,,See you on the day.,10.544204894063592,2021-05-20 03:43:16.058997,,,
9cc909cd-b752-47db-92d9-937de2b0b652,2,,"ðŸ“– #BookLovers Sometimes all you need is a good book, drink some tea, and relax.",89.71998621544955,2023-12-20 02:57:44.114071,,,
0ea186f3-4ff8-4ff8-a28e-d29f09b4c05e,5,,"ðŸ“– #BookLovers Sometimes all you need is a good book, drink some tea, and relax.",83.24345225503849,2023-08-14 00:08:07.379212,,,
87292334-64f7-4b90-be98-1e12b8a8a3d9,11,,"ðŸ’¸ #TechTalk Just watched the latest episode of my favorite show, and I must say, it's not as scary as I thought!",61.055563433419344,2020-05-04 11:02:53.355613,,,
77aec97e-289b-44be-9125-007d1edc45cf,18,,"ðŸ“– #BookLovers Sometimes all you need is a good book, drink some tea, and relax.",3.1909018653905274,2023-11-24 07:56:58.111350,,,
05bb71b4-1161-4c45-bc61-b54d7fa75c9b,8,38f021f9-3b15-4d8a-a23a-a3acda9b804d,See you on the day.,46.967434860306,2023-01-22 16:05:57.808649,,,
af8c73fc-3f89-461e-bdb6-b31c0ec4ed9b,15,,"ðŸ’¸ #TechTalk Just watched the latest episode of my favorite show, and I must say, it's not as scary as I thought!",20.97480776845988,2023-12-03 14:26:36.578152,,,
6e5581c8-d228-48ee-ae6d-a57d2bd16034,13,,ðŸ˜… #CodeNewbie #JS Weekend plans: Read a good playlist and some quiet time.,57.71955292722546,2022-09-18 19:07:54.453966,,,
e28e6329-97c6-4dfa-982f-30f9ab10fc20,14,,ðŸ˜… #CodeNewbie #JS Weekend plans: Read a good playlist and some quiet time.,62.22009907315298,2021-12-23 19:36:29.514332,,,
b765d10d-95e9-4484-8623-1d18c53aa9ac,16,,"ðŸ’¸ #TechTalk Just watched the latest episode of my favorite show, and I must say, it's not as scary as I thought!",80.95475979968498,2022-10-01 15:43:22.181860,,,
97dc0f21-608e-4e4a-b314-810a438ed189,19,c5193b3f-e555-4a90-9ea7-7a2df6d1547e,"ðŸ’¸ #TechTalk Just watched the latest episode of my favorite show, and I must say, it's not as scary as I thought!",48.07897066135657,2021-03-27 11:42:20.566342,2023-08-20 17:49:15.441639,,
36970e30-93ee-4aa0-b305-6c2185496ada,19,,"ðŸ’¸ #TechTalk Just watched the latest episode of my favorite show, and I must say, it's not as scary as I thought!",68.93158103284769,2022-06-09 12:52:45.227911,,,
0036239c-a4bc-4039-863a-f145e9f83606,15,,See you on the day.,28.941038915216676,2023-09-08 03:13:56.094146,,,
56f323e5-aa3e-4145-81c0-49c14d642ac3,14,,See you on the day.,11.481069425390167,2021-09-16 19:16:53.176850,,,
a85eb052-e000-4d06-9c63-6e66f48138b5,9,,See you on the day.,78.17005861352602,2023-11-17 03:03:52.575427,,,
4885f776-d8bf-450a-9c04-a33d24ac6ee9,4,,ðŸ˜… #CodeNewbie #JS Weekend plans: Read a good playlist and some quiet time.,35.25305706330413,2022-01-15 05:26:40.663142,,,
8370365d-b544-4dd0-81c7-f06bc5305145,6,,See you on the day.,75.49547216289159,2023-09-04 00:09:11.242677,,,
5a5c379a-beb3-43b1-aa82-b00eca884394,18,7d9cf7a8-9cce-42db-bd6a-ccae78e9c4b0,"ðŸ’¸ #TechTalk Just watched the latest episode of my favorite show, and I must say, it's not as scary as I thought!",90.94654635283227,2023-08-05 10:05:12.766926,,,
4b6fc9fd-5029-4aee-8048-3e69730585ee,6,,See you on the day.,8.050282568909495,2023-10-07 10:50:55.989436,,,
25414678-c972-4bf2-9cf2-31252bf624d4,4,,"ðŸ’¸ #TechTalk Just watched the latest episode of my favorite show, and I must say, it's not as scary as I thought!",45.41234677943531,2023-05-11 16:39:21.386539,,,
9a8141e0-f81c-4112-8137-00cefc9e451d,8,c387376d-1f1b-4ffc-b7fd-9ba2f440e4ef,"ðŸ’¸ #TechTalk Just watched the latest episode of my favorite show, and I must say, it's not as scary as I thought!",87.98041369034651,2022-07-31 07:45:53.813986,,,
8bc196b4-84f0-4b6c-903a-bd2583f526aa,17,,"ðŸ’¸ #TechTalk Just watched the latest episode of my favorite show, and I must say, it's not as scary as I thought!",65.0069897424169,2021-07-26 01:09:00.986568,,,
2bcccb72-1c08-41da-8c32-11ce88ab2f38,13,,"ðŸ“– #BookLovers Sometimes all you need is a good book, drink some tea, and relax.",18.497911588294624,2022-06-20 02:08:55.079118,,,
409dc63b-f329-4b5e-8402-79931128322d,10,,ðŸ˜… #CodeNewbie #JS Weekend plans: Read a good playlist and some quiet time.,66.53139306454815,2023-11-22 16:19:24.582509,,,
a412bf45-0ebc-436f-9612-2169efbb6d6b,0,,ðŸ˜… #CodeNewbie #JS Weekend plans: Read a good playlist and some quiet time.,51.39626072940635,2022-07-16 13:21:02.664077,,,
2cf69658-d23a-4c36-916c-4889d86b5bf4,15,,"ðŸ“– #BookLovers Sometimes all you need is a good book, drink some tea, and relax.",81.65660136945876,2023-08-12 18:24:51.748879,,,
7ca02246-0130-484e-970f-a1b7c7b33bb7,9,,"ðŸ“– #BookLovers Sometimes all you need is a good book, drink some tea, and relax.",6.503886114767321,2022-04-12 14:18:53.769068,,,
938b18d3-bd96-4548-b841-87682a61945b,5,,"ðŸ“– #BookLovers Sometimes all you need is a good book, drink some tea, and relax.",93.46801231297106,2021-01-19 09:58:17.422681,,2023-09-27 01:10:56.741781,
0f2b3b25-71c4-4db4-9c81-6bdb2ddc4cc1,3,,"ðŸ’¸ #TechTalk Just watched the latest episode of my favorite show, and I must say, it's not as scary as I thought!",37.99381592492477,2023-03-29 20:10:35.933456,,,
57a192a1-0ee6-4bfb-8935-28c9831e06df,2,,ðŸ˜… #CodeNewbie #JS Weekend plans: Read a good playlist and some quiet time.,78.62546189297824,2023-12-14 19:55:52.153329,,,
e321420e-c1e1-4b74-b49b-61f4d888ac05,15,,ðŸ˜… #CodeNewbie #JS Weekend plans: Read a good playlist and some quiet time.,83.62426180856903,2023-08-18 18:26:42.114562,,,
6d6d62f9-3986-42cd-b25b-88ef8e0d4180,5,,"ðŸ’¸ #TechTalk Just watched the latest episode of my favorite show, and I must say, it's not as scary as I thought!",15.091468833662391,2023-08-07 20:18:46.349925,,,
0a53a5a9-598c-47e6-93f9-914a1cbbb195,15,,ðŸ˜… #CodeNewbie #JS Weekend plans: Read a good playlist and some quiet time.,49.13962598750393,2023-06-26 19:28:33.766154,,,
22d090c0-a45c-46c5-ae1b-dade780909d6,11,,"ðŸ’¸ #TechTalk Just watched the latest episode of my favorite show, and I must say, it's not as scary as I thought!",34.37582531283405,2021-05-08 00:24:44.600756,2021-06-28 07:51:23.881736,,
78d9b330-ea2e-4ad2-911b-04119553bb49,3,,"ðŸ’¸ #TechTalk Just watched the latest episode of my favorite show, and I must say, it's not as scary as I thought!",65.50620307712127,2023-12-06 18:09:58.160226,,,
6a3a3604-1de2-42cb-b57e-dd6de58a94b8,4,96523054-9b59-49cf-b709-1f7c0518cf14,"ðŸ’¸ #TechTalk Just watched the latest episode of my favorite show, and I must say, it's not as scary as I thought!",49.485598502401814,2022-03-13 14:26:07.443726,,,
81307df5-2ce2-47ee-bf96-e90111e7e38a,12,,"ðŸ’¸ #TechTalk Just watched the latest episode of my favorite show, and I must say, it's not as scary as I thought!",82.43572554793876,2023-12-23 23:59:55.436696,2023-12-27 14:31:04.085877,,
5026d31c-6d8a-4608-bd5a-b0bdd4b11501,2,,See you on the day.,16.48837633290574,2023-12-22 03:27:03.785512,,,
13471768-9163-4cd7-bc49-e961bd6c8734,10,,ðŸ˜… #CodeNewbie #JS Weekend plans: Read a good playlist and some quiet time.,32.75215328163028,2023-12-10 23:43:11.088266,,,
bfc07df4-30e5-498f-8e10-6c7e0e775c58,2,,"ðŸ“– #BookLovers Sometimes all you need is a good book, drink some tea, and relax.",78.3760278807183,2023-12-24 04:26:15.284901,,,
69b8fa6c-f939-4b4f-96b7-2fcde1837ef1,14,8bc196b4-84f0-4b6c-903a-bd2583f526aa,"ðŸ’¸ #TechTalk Just watched the latest episode of my favorite show, and I must say, it's not as scary as I thought!",51.41382906303234,2021-05-24 09:38:51.952997,,,
2a54eca7-a396-4952-9488-bd2b2fabf8df,18,,ðŸ˜… #CodeNewbie #JS Weekend plans: Read a good playlist and some quiet time.,87.94809370363205,2023-05-06 01:44:40.921453,,,
72518f8d-288a-4845-b285-4664fc391538,7,,ðŸ˜… #CodeNewbie #JS Weekend plans: Read a good playlist and some quiet time.,26.890673121530774,2023-11-02 22:41:59.511399,,,
ef58c9ad-7607-4bdb-ba3e-b3d2025e250b,16,7d9cf7a8-9cce-42db-bd6a-ccae78e9c4b0,"ðŸ“– #BookLovers Sometimes all you need is a good book, drink some tea, and relax.",93.57455599567386,2022-08-05 20:52:01.869319,,,
f8a3039e-8800-451f-a823-7e065f29b4f5,16,,ðŸ˜… #CodeNewbie #JS Weekend plans: Read a good playlist and some quiet time.,66.16689865609456,2023-11-12 12:14:47.057962,,,
67c455a3-5501-4ac2-8f1e-c9d6e4d17730,5,,See you on the day.,52.70904661827615,2022-03-31 09:48:00.844187,,,
223ea963-a749-4bff-9c95-7c37b891ec4f,18,,"ðŸ’¸ #TechTalk Just watched the latest episode of my favorite show, and I must say, it's not as scary as I thought!",14.761488821256686,2023-06-18 20:45:41.330752,,,
384d6a56-c145-450b-b96b-0c894a6f3f58,17,,ðŸ˜… #CodeNewbie #JS Weekend plans: Read a good playlist and some quiet time.,68.97013646754708,2021-10-11 04:49:13.722600,,2023-04-29 01:12:04.006994,
7c714660-5f61-4bd7-af77-a5f2ab287d31,17,6e5581c8-d228-48ee-ae6d-a57d2bd16034,"ðŸ“– #BookLovers Sometimes all you need is a good book, drink some tea, and relax.",56.6331715504004,2022-05-30 21:14:24.941618,,,
5d32df11-21e4-4785-9b4d-6e95c3e6777c,7,,"ðŸ’¸ #TechTalk Just watched the latest episode of my favorite show, and I must say, it's not as scary as I thought!",37.2866490805572,2023-09-18 17:12:43.191363,,2023-12-09 22:05:11.010490,
3bd7c2d4-95d4-47bd-8766-eb046aad4501,1,,ðŸ˜… #CodeNewbie #JS Weekend plans: Read a good playlist and some quiet time.,35.001594119275815,2021-07-03 15:41:00.875225,,2023-04-10 12:53:34.967899,
7eff4468-d0e3-4597-858d-8d3665d150b1,8,,"ðŸ“– #BookLovers Sometimes all you need is a good book, drink some tea, and relax.",70.33591805948076,2023-02-18 10:02:32.839788,,,
4cc6fc85-fd7d-49e9-8bc4-7c74f562f97c,18,,See you on the day.,96.17396157219099,2023-06-02 06:56:03.163476,,,
6dd4c806-0de0-44da-8ed7-a4c1274a9395,15,,ðŸ˜… #CodeNewbie #JS Weekend plans: Read a good playlist and some quiet time.,18.972919374255593,2023-09-03 22:42:57.831600,,,2023-12-26 22:08:55.775629
7f5b7c46-95ef-4519-946d-54ca35ae0a16,4,31d92e2f-ce8d-4027-af8c-68f67edccf08,ðŸ˜… #CodeNewbie #JS Weekend plans: Read a good playlist and some quiet time.,94.7997559064203,2022-02-16 03:08:06.581596,2023-11-01 07:53:49.276193,,
b078db0a-3750-42e1-8732-4071863dc987,11,,"ðŸ“– #BookLovers Sometimes all you need is a good book, drink some tea, and relax.",98.13328631411636,2020-08-03 19:11:11.362544,,,
938c7033-f300-42ff-8f11-a7987b6b886f,6,,"ðŸ“– #BookLovers Sometimes all you need is a good book, drink some tea, and relax.",55.41078800690637,2023-11-15 12:57:55.437583,,,
1bb12aa2-0962-40c0-8fc0-4b9f1ffc102a,1,,"ðŸ“– #BookLovers Sometimes all you need is a good book, drink some tea, and relax.",21.01822224441068,2022-07-16 19:42:57.655681,,,
fc25bf5e-2e05-456d-a4aa-04a7d4ce66f9,16,,"ðŸ“– #BookLovers Sometimes all you need is a good book, drink some tea, and relax.",46.88998016458861,2022-09-18 23:26:10.146481,,,
94f223ba-eef4-448f-a01a-6adbc6db55f8,19,,"ðŸ’¸ #TechTalk Just watched the latest episode of my favorite show, and I must say, it's not as scary as I thought!",83.67900449504326,2022-02-18 13:11:44.131055,,2023-05-11 06:44:58.154340,
28a960ec-854e-424e-9a53-95a5cfa7e144,8,,See you on the day.,36.955954456190256,2023-06-23 07:32:41.195694,,,
514bac57-e458-4aac-95fb-6203809b23a3,9,,"ðŸ’¸ #TechTalk Just watched the latest episode of my favorite show, and I must say, it's not as scary as I thought!",28.42427287499444,2020-08-15 09:05:33.748203,,,2023-09-25 14:09:18.284747
5e5a740d-5d70-4e2b-b998-ea99fbe6e3a5,1,,ðŸ˜… #CodeNewbie #JS Weekend plans: Read a good playlist and some quiet time.,60.729699070264786,2023-06-25 16:06:12.230467,,,
65eae738-0775-43dc-b9a2-3508f272e28f,15,,"ðŸ“– #BookLovers Sometimes all you need is a good book, drink some tea, and relax.",79.66383754056477,2023-12-31 16:35:40.523673,2023-12-31 18:55:56.321219,,
a6c7ecf0-229c-45bf-a7c6-edf9b0a5475b,2,,"ðŸ’¸ #TechTalk Just watched the latest episode of my favorite show, and I must say, it's not as scary as I thought!",2.0285433801711217,2023-12-23 08:15:30.486721,,,2023-12-31 10:22:32.264028
6dbfb9c7-d93c-4633-aa9d-c6d987199741,3,,"ðŸ“– #BookLovers Sometimes all you need is a good book, drink some tea, and relax.",24.87920278449455,2023-01-28 11:12:02.076235,,,2023-11-27 04:08:24.767338
2b213927-b904-49b4-b7d0-55abce36d2a7,0,,"ðŸ“– #BookLovers Sometimes all you need is a good book, drink some tea, and relax.",98.07691595679232,2023-11-19 17:27:51.329106,,,
5e335e00-09ed-4462-af95-386b83c4c942,6,,See you on the day.,81.57194334426472,2023-08-06 08:56:06.972739,,,
7bf6ee5b-bce0-4a70-acba-9c79e21a164a,5,e731185f-4584-4cc5-89e0-712e2c192c3e,"ðŸ“– #BookLovers Sometimes all you need is a good book, drink some tea, and relax.",78.5893513903628,2022-10-26 03:55:26.390320,,,
624af931-1752-45d3-b199-3dbed3416ff1,7,,"ðŸ’¸ #TechTalk Just watched the latest episode of my favorite show, and I must say, it's not as scary as I thought!",47.96352748530569,2023-10-26 20:23:57.615274,,2023-11-21 18:16:47.364975,
3356ce56-1a2d-4366-aa52-3e57cb11ceeb,8,,"ðŸ“– #BookLovers Sometimes all you need is a good book, drink some tea, and relax.",10.662412615135041,2023-07-02 00:26:52.930999,2023-09-20 18:07:28.357202,,
968c78b0-e28f-447c-afee-b5fa2712a1cf,17,,ðŸ˜… #CodeNewbie #JS Weekend plans: Read a good playlist and some quiet time.,73.15697142804338,2022-07-16 11:03:32.741086,,,
cfa2ce96-96d1-45f6-873e-f3f456ef2d13,19,,"ðŸ“– #BookLovers Sometimes all you need is a good book, drink some tea, and relax.",4.846888121338022,2022-04-17 11:04:10.366422,2023-05-22 23:35:48.708672,,
a0c93160-a939-450e-afbd-dc639118d2cc,15,,"ðŸ“– #BookLovers Sometimes all you need is a good book, drink some tea, and relax.",57.998065212023,2023-09-16 02:10:17.509287,,,
88a79bbf-851a-4db6-b05f-33b61e0bfc77,19,,See you on the day.,83.4844854189178,2023-09-24 16:35:02.521060,,,
d5f30a24-489e-439b-ac24-02eaf7f24236,3,,ðŸ˜… #CodeNewbie #JS Weekend plans: Read a good playlist and some quiet time.,52.475294196522256,2022-05-06 14:45:56.623978,,,
01c4d390-e0c0-4d20-8cbc-e42edf0911a3,3,,"ðŸ’¸ #TechTalk Just watched the latest episode of my favorite show, and I must say, it's not as scary as I thought!",2.044178597999169,2023-03-06 16:50:50.763663,,,
5d555b63-50ce-4bc0-aeb0-31070bb9e693,11,,"ðŸ’¸ #TechTalk Just watched the latest episode of my favorite show, and I must say, it's not as scary as I thought!",21.61938794971634,2019-11-03 03:04:19.427497,,,2021-08-24 21:20:34.828215
48a01823-e7e1-4311-83aa-f92880f2c3cc,14,,ðŸ˜… #CodeNewbie #JS Weekend plans: Read a good playlist and some quiet time.,32.265886189793946,2021-07-04 07:51:21.286705,,,2023-12-29 00:23:27.511094
0c93782d-f4cd-4a6c-84f7-9d1479f057b8,7,,ðŸ˜… #CodeNewbie #JS Weekend plans: Read a good playlist and some quiet time.,52.719206516930605,2023-10-01 23:45:30.674889,,,
65452d57-c1b9-4b62-bfee-619700a8d645,16,,ðŸ˜… #CodeNewbie #JS Weekend plans: Read a good playlist and some quiet time.,26.28451143245244,2023-04-15 14:31:45.473896,,,
10d7a75d-d977-4756-adb2-45458e2c18b8,14,,"ðŸ“– #BookLovers Sometimes all you need is a good book, drink some tea, and relax.",31.297470278526163,2022-01-23 06:37:34.648419,,,
8e040929-7079-45f7-8fc5-33ba4cd275a8,13,,See you on the day.,82.2016594157054,2023-05-28 05:42:09.565121,,,
bf3efe74-0995-41ab-b092-02698a460a97,18,,See you on the day.,26.735354925786638,2023-04-15 00:15:46.914877,,,
126fa8b7-9fec-46fe-b467-09f6921ce5e6,13,,"ðŸ“– #BookLovers Sometimes all you need is a good book, drink some tea, and relax.",68.633322156943,2022-08-06 12:46:16.973228,,2023-11-27 05:23:38.445323,
5d1c2872-2b7f-4508-88d9-813a838adbb7,19,,ðŸ˜… #CodeNewbie #JS Weekend plans: Read a good playlist and some quiet time.,37.016771674673585,2021-12-11 07:13:10.551207,,,
1b1abf3a-43b8-4695-801e-4bb436d6d61a,17,,ðŸ˜… #CodeNewbie #JS Weekend plans: Read a good playlist and some quiet time.,72.32787823508335,2023-01-05 03:50:18.277396,,,
f047db5e-9fd5-4d50-b3bc-57f70583ac83,9,,ðŸ˜… #CodeNewbie #JS Weekend plans: Read a good playlist and some quiet time.,58.996381132609585,2021-01-23 10:43:12.643760,,,
754f4de4-44a8-4177-a5f7-f2c024010004,17,,"ðŸ’¸ #TechTalk Just watched the latest episode of my favorite show, and I must say, it's not as scary as I thought!",92.99612929715306,2023-10-04 12:45:03.948251,,,
f97f495c-2b93-4283-a0fb-5cfca88c6808,11,,See you on the day.,79.69622278646531,2020-10-03 14:22:43.417704,,,
005669a3-634b-438b-bd7a-1b91d63143e7,7,,"ðŸ“– #BookLovers Sometimes all you need is a good book, drink some tea, and relax.",87.78343667569223,2023-11-19 00:00:52.320312,,,
288a1653-432a-4921-9ff9-c5444b3413c2,7,,"ðŸ’¸ #TechTalk Just watched the latest episode of my favorite show, and I must say, it's not as scary as I thought!",89.46453582010389,2023-10-17 19:22:10.712863,,,
ade6ddad-906f-4410-b2de-17677bd4381e,3,948138d9-bbbc-4955-84e0-85c071372769,ðŸ˜… #CodeNewbie #JS Weekend plans: Read a good playlist and some quiet time.,11.116177172157649,2022-11-16 03:05:05.601777,,,
91d69743-eecc-4b24-bef7-e0db3823c653,9,,See you on the day.,20.79894818834278,2020-10-21 23:48:29.911494,,,
2d74e9d1-8ad0-4e0a-bf10-d85fbded8918,19,,ðŸ˜… #CodeNewbie #JS Weekend plans: Read a good playlist and some quiet time.,54.468450409991675,2023-03-02 01:55:37.074587,,,
ec683f71-8784-4ac9-b45c-5012c4fe1a25,15,,See you on the day.,98.82474839985161,2023-09-22 17:15:00.072859,,,
28bdf042-9915-4ded-bad5-96005fb69e23,11,,See you on the day.,28.90561924118392,2021-01-03 02:59:19.309465,,,
52eb494b-e101-49c5-b773-419831595f7c,6,,"ðŸ’¸ #TechTalk Just watched the latest episode of my favorite show, and I must say, it's not as scary as I thought!",28.798869311332233,2023-11-19 13:40:20.955551,,,
bad5a6d0-d6b2-4ce1-92dd-437a28bd8d94,12,,See you on the day.,73.5404661243229,2023-10-12 20:25:30.565063,,,
9ff71ef2-e36b-41a1-9a73-4f7f41720191,1,,"ðŸ“– #BookLovers Sometimes all you need is a good book, drink some tea, and relax.",69.02211797145927,2020-10-21 19:33:05.934857,,,
00c102b6-8522-4f7c-9ff4-916744729fa2,14,,See you on the day.,15.972338003619468,2022-02-22 05:04:59.867792,,,
593ef99d-9fda-48ec-a10a-5e27b5e2df5e,14,,"ðŸ“– #BookLovers Sometimes all you need is a good book, drink some tea, and relax.",17.949084336642706,2022-10-02 23:18:48.063151,,,
61b31171-ac2f-4b34-b6f2-0389c2053601,16,,See you on the day.,99.67147923117504,2022-07-06 14:11:40.756135,,,
2f14510c-a32b-4f15-a7a9-8f7ecaed3f04,13,,"ðŸ“– #BookLovers Sometimes all you need is a good book, drink some tea, and relax.",12.83031081964352,2021-03-13 10:59:02.786645,,,
489b5aa7-c010-4981-b41f-181c8a0b25a0,9,,ðŸ˜… #CodeNewbie #JS Weekend plans: Read a good playlist and some quiet time.,11.53489067321367,2021-07-12 13:36:54.102534,,,
00374f07-2687-4be5-a466-9f20e1344ee2,4,,ðŸ˜… #CodeNewbie #JS Weekend plans: Read a good playlist and some quiet time.,17.057145680799202,2023-05-23 19:11:41.129848,,,
062e6c3c-f8a1-4a42-9194-74985302c98b,15,,"ðŸ“– #BookLovers Sometimes all you need is a good book, drink some tea, and relax.",74.29740573953643,2023-10-12 22:44:17.414649,,,
79699057-7420-41f4-8949-57ff78f38d3e,17,622617ad-5ef7-4a5f-84fd-e03aeef897f4,ðŸ˜… #CodeNewbie #JS Weekend plans: Read a good playlist and some quiet time.,14.686717456903398,2023-09-05 13:34:49.648639,,,
e0a22978-d67b-46f3-8a2a-e2a791d359ee,8,,See you on the day.,64.1218920938543,2022-09-23 21:26:15.796109,,,
35c62004-2c53-451b-8926-0dfb7cc54026,6,,See you on the day.,43.633176963126644,2023-12-09 11:53:55.701515,,,
94e76111-b8fe-4b4d-beee-1acf7e0d75b6,7,,"ðŸ“– #BookLovers Sometimes all you need is a good book, drink some tea, and relax.",42.00963494717194,2023-10-31 04:26:43.884311,,,
981f1881-092e-40b3-a230-67b932a07e31,12,,ðŸ˜… #CodeNewbie #JS Weekend plans: Read a good playlist and some quiet time.,60.05051630023609,2023-11-14 03:35:24.767367,,,
31c719de-4854-4a17-92f7-85a5453fc68d,1,,ðŸ˜… #CodeNewbie #JS Weekend plans: Read a good playlist and some quiet time.,1.4952846393389896,2021-09-30 22:42:12.400359,,,
227c7236-7a04-4b2d-906e-4c5e4fd6019b,0,,"ðŸ“– #BookLovers Sometimes all you need is a good book, drink some tea, and relax.",11.168840788390956,2021-10-17 14:34:31.106200,,,
fb9e50ed-eda3-4af2-88b3-095797a47f02,10,615e2e11-b935-4d74-a064-d1c5a3336d2c,See you on the day.,71.0442393930291,2023-12-17 02:50:03.643574,,,
770bf8fa-21cd-46dc-8c5e-f1789f4785d5,8,,See you on the day.,43.2958797789209,2022-10-01 16:10:59.175213,,,
d250f360-2408-4866-a868-ecf475c21db9,3,,ðŸ˜… #CodeNewbie #JS Weekend plans: Read a good playlist and some quiet time.,25.212979857619,2023-05-23 08:53:32.291289,,,
2ccb06a0-af10-466c-8823-5a650e846f83,10,f577a60e-6bcb-47b7-9ceb-9c93f15d9ee5,See you on the day.,75.91861687821564,2023-12-23 03:59:17.687708,,,
15ac571e-590b-4453-aa0b-af64029e921e,1,,See you on the day.,85.6067256577813,2022-04-28 16:58:11.886598,,2023-07-21 04:03:03.018973,
85944e85-4887-4e89-ac84-a381904c6955,3,,See you on the day.,76.3267289636221,2023-09-03 13:46:35.798950,,,
a003910f-e11c-4b68-af0e-483bd684f5ad,18,,See you on the day.,91.68420961678922,2023-08-15 15:36:53.756325,,,
d3806707-e31a-44f4-b10a-c14d4d7bb527,19,,"ðŸ“– #BookLovers Sometimes all you need is a good book, drink some tea, and relax.",52.25938752470336,2022-04-29 00:05:54.744937,,2023-10-18 18:50:16.502475,
ff26bc09-b8f9-46ad-b6ac-2713d09655a4,10,,"ðŸ’¸ #TechTalk Just watched the latest episode of my favorite show, and I must say, it's not as scary as I thought!",42.464180601104374,2023-12-09 01:31:56.884019,,,
9b637d7b-a984-4ed3-a28d-cb1a4e9bcc28,2,,"ðŸ’¸ #TechTalk Just watched the latest episode of my favorite show, and I must say, it's not as scary as I thought!",88.46577174306994,2023-12-22 14:19:47.561447,,,
7619ea3e-5804-4a1c-b952-abf68ceb1e3a,11,,"ðŸ“– #BookLovers Sometimes all you need is a good book, drink some tea, and relax.",39.90174771198278,2020-05-03 13:58:42.099304,2021-07-03 13:56:19.395970,,
3ed9f568-6a14-4722-938b-14e50ff1878c,5,,"ðŸ’¸ #TechTalk Just watched the latest episode of my favorite show, and I must say, it's not as scary as I thought!",15.864886494834474,2023-12-21 04:28:53.514775,,,
cd12e3e2-1d6d-4190-9f49-b91951b8fae7,5,,"ðŸ’¸ #TechTalk Just watched the latest episode of my favorite show, and I must say, it's not as scary as I thought!",59.012989374668464,2023-08-19 14:54:05.130068,,,
0ac5f4fb-345d-42c2-beb8-5a66b9defb05,17,,See you on the day.,34.651045042694214,2021-11-20 20:12:21.580958,,,
f3744bfd-bc7e-4d5d-80dc-b077374e502f,0,,"ðŸ’¸ #TechTalk Just watched the latest episode of my favorite show, and I must say, it's not as scary as I thought!",69.34934644728071,2023-02-02 06:19:35.715270,,2023-11-29 03:06:00.622184,
c142612a-de11-4b98-8ad0-94b24baad53d,16,,"ðŸ“– #BookLovers Sometimes all you need is a good book, drink some tea, and relax.",12.411337115916666,2023-11-19 16:47:37.578059,,,
7b8df00d-440e-4338-b8b2-e5f36fd324dd,16,,"ðŸ“– #BookLovers Sometimes all you need is a good book, drink some tea, and relax.",53.35962734956213,2023-10-16 15:55:27.638913,,,
4046b467-b239-4b69-a1f4-f81751eb4fa0,3,,See you on the day.,6.121797984775612,2022-04-08 13:59:49.922180,,,
01d5619b-a098-48bb-9b8f-c07f57717ea2,5,,"ðŸ’¸ #TechTalk Just watched the latest episode of my favorite show, and I must say, it's not as scary as I thought!",45.50341957529454,2022-11-04 16:15:45.637207,,,
fe4853c2-4dba-4c1a-9a8f-ce9d575c780f,10,,"ðŸ’¸ #TechTalk Just watched the latest episode of my favorite show, and I must say, it's not as scary as I thought!",90.28315208665556,2023-12-16 07:19:12.698764,2023-12-28 22:31:04.996333,,
33d0d513-494a-45ee-a3b5-656a39e557b3,11,,ðŸ˜… #CodeNewbie #JS Weekend plans: Read a good playlist and some quiet time.,73.14475381451514,2019-09-04 23:01:08.525215,,,
0e208b0c-55b4-4ea3-b47c-e76dbca9f2f3,16,,See you on the day.,31.519222505115362,2023-02-11 11:34:16.396864,,,
551fa4db-095d-4fb2-896b-29ef22a28c4a,2,,"ðŸ’¸ #TechTalk Just watched the latest episode of my favorite show, and I must say, it's not as scary as I thought!",29.58743667722754,2023-12-18 02:58:31.769724,,2023-12-26 07:39:42.774402,
465977c4-606b-42ec-b9d8-ef00397e0ed4,1,,"ðŸ“– #BookLovers Sometimes all you need is a good book, drink some tea, and relax.",49.95328003613161,2022-12-12 13:14:17.458641,,,
cef475ba-0121-41fb-8858-de835323b82b,18,,"ðŸ’¸ #TechTalk Just watched the latest episode of my favorite show, and I must say, it's not as scary as I thought!",34.41675436489964,2023-04-16 16:15:24.220257,,,
f54145da-7c60-4a45-9e2c-3b43bb190e41,7,,"ðŸ’¸ #TechTalk Just watched the latest episode of my favorite show, and I must say, it's not as scary as I thought!",69.64481595059,2023-11-28 15:14:42.757481,,,
c533c770-a6bc-4161-b7d2-e572e2d2f285,15,,ðŸ˜… #CodeNewbie #JS Weekend plans: Read a good playlist and some quiet time.,23.547398491991633,2023-05-25 10:49:11.174822,2023-10-04 16:03:50.980924,,
e5d3106d-0c32-4afc-a680-9527b2cbc7f8,17,,See you on the day.,27.03755237506005,2022-12-07 20:04:52.970435,,,
67260b03-2a93-4637-a73b-5f1bf108f150,16,,"ðŸ’¸ #TechTalk Just watched the latest episode of my favorite show, and I must say, it's not as scary as I thought!",73.50341768958492,2022-10-23 17:42:07.699589,,,
197fbb76-300a-46c7-8f1a-46573e21f833,2,,"ðŸ“– #BookLovers Sometimes all you need is a good book, drink some tea, and relax.",27.195417337643857,2023-12-17 12:05:57.766845,,,
fbfce82c-9b32-46a9-b735-4d9b7a536ae4,17,,ðŸ˜… #CodeNewbie #JS Weekend plans: Read a good playlist and some quiet time.,99.82062495695956,2021-08-25 13:27:42.020485,,,
f22d9a65-7d0c-410a-b405-f201ba323ce5,18,,"ðŸ“– #BookLovers Sometimes all you need is a good book, drink some tea, and relax.",54.21074331391962,2023-05-08 04:46:34.971576,,,2023-12-11 04:59:10.378328
f1b1dede-7d4b-4f81-b8ab-aa110cdd0b4e,10,,See you on the day.,83.86750271048368,2023-11-17 04:18:13.249898,,,
02550d76-89b4-423c-9bda-aa17f9dee751,5,,See you on the day.,67.75286108825092,2023-07-08 07:16:29.686335,2023-11-19 11:04:13.449210,,
686416f2-611c-4d78-b257-43aeb4512951,5,,"ðŸ’¸ #TechTalk Just watched the latest episode of my favorite show, and I must say, it's not as scary as I thought!",95.39321290642079,2023-03-09 23:25:42.290057,,,
979f4df7-295c-4761-8d68-8af3434b67d5,14,,"ðŸ’¸ #TechTalk Just watched the latest episode of my favorite show, and I must say, it's not as scary as I thought!",53.56461642250624,2023-02-18 20:31:21.563041,,,
