userId,userName,realName,status,otherProfileStuff,creationTime,suspendedTime,deletedTime
0,Frigiel,Florian Petit,true,Believer in the everyday.,2019-11-15 02:39:11.334526,,
1,CampusIoT,Lucas Marchand,true,Making sense of the great outdoors.,2019-02-10 09:02:11.668128,,2023-10-08 11:34:10.941116
2,realDonaldTrump,Emma Marchand,true,Making sense of the world one dish at a time.,2022-04-17 23:13:24.132891,,
3,KamalaHarris,Nathan Bernard,true,Trying to make the world through words.,2022-03-06 05:29:00.908348,,
4,ShadowFighter,Alice Garnier,true,Trying to make the world through words.,2021-08-31 02:53:48.668984,,
5,FrigielWarrior,Sophie Girard,true,Trying to make the world one dish at a time.,2020-05-25 08:54:36.892347,,2022-09-15 15:29:04.166188
6,FrostBard,Sophie Faure,true,Making sense of the great outdoors.,2020-04-09 02:26:53.000940,,
7,MysticLady,Sophie Petit,true,Trying to make the world one dish at a time.,2022-05-04 07:26:09.324328,,
8,PhantomBard,Emma Martin,false,Trying to make the world one dish at a time.,2021-09-29 23:37:33.517965,,
9,FrostQueen,Sophie Laurent,true,Believer in the everyday.,2022-09-10 12:04:05.336645,2023-08-27 23:22:34.862968,
10,GhostRider,Isabelle Marchand,true,Finding beauty in the power of AI.,2022-04-09 08:57:57.489202,,
11,FireHunter,Clara Leroy,true,"Traveler, photographer, and lover of the world a better place, one rep at a time.",2021-08-20 17:49:33.001315,,
12,ThunderBard,Hugo Cohen,false,Making sense of the great outdoors.,2020-05-10 12:03:24.786030,,
13,ThunderMage,Thomas Simon,true,"Traveler, photographer, and lover of the world a better place, one rep at a time.",2021-04-28 20:20:17.589576,,
14,StormHunter,Mélanie Henry,true,Believer in the everyday.,2020-04-19 00:26:14.863856,,
15,DreamQueen,Hugo Guillaume,true,Making sense of the world one dish at a time.,2022-08-19 05:06:40.888316,,
16,CyberLord,Katherine Laurent,false,Making sense of the world one dish at a time.,2021-11-19 04:25:37.609735,,
17,DreamLady,Lucas Rousseau,true,Loves to explore the world through words.,2022-05-11 03:44:53.177712,,
18,EchoPaladin,Victor Dupont,true,Making sense of the world one dish at a time.,2022-12-03 14:46:40.849994,,
19,NightSeeker,Sophie Simon,true,Trying to make the world one dish at a time.,2023-06-11 07:55:04.825004,,
20,PhantomQueen,Olivia Dupont,true,"Traveler, photographer, and lover of the world through words.",2023-03-02 17:55:38.715438,,
21,CrystalWarrior,Clara Guillaume,false,Believer in the everyday.,2023-05-25 08:55:20.998871,,
22,PhantomMaster,Florian David,true,Finding beauty in the power of AI.,2019-12-14 00:19:15.107851,,
23,IceLady,David Bernard,true,Believer in the everyday.,2021-03-10 22:59:19.071831,,
24,DreamWarrior,David Petit,true,Trying to make the world through words.,2020-01-13 12:26:32.953563,,
25,DragonWarrior,Paul Moreau,true,Making sense of the great outdoors.,2021-09-08 09:41:48.342519,,
26,DarkNinja,Victor Cohen,true,Trying to make the world through words.,2022-07-18 08:24:25.444666,,
27,ThunderChampion,Sophie Simon,true,Loves to explore the world through words.,2019-08-02 11:05:21.932696,,
28,ThunderLady,Isabelle Lemoine,false,Trying to make the world through words.,2019-05-31 06:17:09.252628,,
29,DreamSage,Nathan Boucher,true,Loves to explore the world through words.,2019-04-03 16:31:14.221476,,
30,PhantomQueen,Lucas Martin,true,Trying to make the world through words.,2022-01-08 01:19:07.159215,,2023-11-01 05:34:40.830804
31,Frigiel,Quentin David,true,Trying to make the world through words.,2021-09-11 14:08:06.827864,2023-07-10 13:28:35.476787,
32,StormMaster,Nathan Henry,true,Believer in the everyday.,2022-05-31 09:22:29.553044,,
33,CrystalChampion,Quentin Laurent,true,"Traveler, photographer, and lover of the world a better place, one rep at a time.",2020-02-12 20:31:53.844481,,
34,NightRider,Olivia Rousseau,true,"Traveler, photographer, and lover of the world through words.",2023-04-24 22:44:18.529391,,
35,IceHunter,David Garnier,true,Loves to explore the world through words.,2021-03-13 16:12:01.595417,,
36,EchoBard,Benjamin Garnier,false,Finding beauty in the power of AI.,2023-02-07 03:16:41.860636,,
37,GhostFighter,Thomas Laurent,true,Trying to make the world one dish at a time.,2021-04-09 10:57:15.657947,,
38,FrostPaladin,Lucas Marchand,true,Believer in the everyday.,2023-10-31 06:09:14.045392,,2023-12-22 16:42:02.458994
39,GoldenRider,Benjamin Cohen,true,"Traveler, photographer, and lover of the world through words.",2022-08-04 04:18:34.507246,,
40,FrostDemon,Florian Henry,true,Trying to make the world through words.,2022-05-25 08:31:20.431640,,
41,IceAssassin,Julien Simon,true,"Traveler, photographer, and lover of the world through words.",2019-02-18 10:23:10.901453,,
42,Mystic,Florian Garnier,true,Finding beauty in the power of AI.,2022-04-12 01:42:43.888524,,
43,PhantomPaladin,Nathan Simon,true,Making sense of the great outdoors.,2021-09-27 05:12:38.396178,,
44,Ice,Julien Martin,true,Finding beauty in the power of AI.,2023-06-09 10:06:22.131153,,
45,CyberWizard,Mélanie Bernard,true,Finding beauty in the power of AI.,2021-02-02 21:38:30.699419,,
46,MysticFighter,Isabelle Henry,true,Finding beauty in the power of AI.,2020-01-26 22:34:18.231025,,
47,MysticKnight,Gabrielle Bernard,true,Making sense of the world one dish at a time.,2020-08-22 11:17:43.414236,,
48,StormHunter,Quentin Henry,true,"Traveler, photographer, and lover of the world a better place, one rep at a time.",2021-10-01 22:14:04.094457,,
49,PhantomWizard,Isabelle Girard,true,Finding beauty in the power of AI.,2019-12-09 18:07:07.965677,,
50,FrostBard,Benjamin Petit,true,Trying to make the world through words.,2019-11-22 07:03:33.907785,,
51,CrystalFighter,Florian Bernard,true,Making sense of the great outdoors.,2020-01-16 01:38:08.524970,,
52,EchoFighter,Isabelle David,true,Finding beauty in the power of AI.,2020-01-14 18:27:03.574012,2023-11-04 14:27:37.678883,
53,DragonWizard,Mélanie Blanchard,true,"Traveler, photographer, and lover of the world through words.",2022-10-29 13:44:21.460395,,
54,StormWarrior,Nathan Garnier,true,Trying to make the world one dish at a time.,2020-01-06 06:08:01.136854,,
55,TitanKnight,Sophie Dupont,true,"Traveler, photographer, and lover of the world a better place, one rep at a time.",2019-03-18 22:14:29.997684,2021-08-31 19:09:53.350416,
56,NightSage,Isabelle Guillaume,false,Trying to make the world through words.,2019-08-29 22:32:47.117337,,
57,CrystalWizard,Emma Laurent,true,Making sense of the great outdoors.,2020-05-01 05:03:38.924244,,
58,DreamBard,Alice David,true,Trying to make the world through words.,2022-02-22 08:20:00.737614,,
59,StormQueen,Benjamin Martin,true,Believer in the everyday.,2022-02-18 20:55:18.621760,,
60,IceSeeker,Quentin Marchand,true,"Traveler, photographer, and lover of the world one dish at a time.",2023-08-04 05:34:19.700437,,
61,DreamFighter,Olivia Leroy,true,Trying to make the world through words.,2023-09-11 04:43:11.234260,,
62,StarFighter,Emma Cohen,true,Loves to explore the world through words.,2020-02-14 08:27:23.786380,,
63,NightHunter,Mélanie Blanchard,true,Making sense of the great outdoors.,2020-12-08 15:42:05.740416,,
64,MysticLady,Benjamin Moreau,true,Trying to make the world through words.,2020-05-23 14:35:51.283687,,
65,ThunderChampion,Victor Laurent,true,"Traveler, photographer, and lover of the world through words.",2020-06-30 16:04:29.819744,,
66,ShadowPaladin,Olivia Guillaume,true,Believer in the everyday.,2023-10-26 23:04:45.668359,,
67,StarWarrior,David Dupont,true,Finding beauty in the power of AI.,2021-03-17 18:23:04.249802,,
68,CyberQueen,Gabrielle Bernard,false,Making sense of the world one dish at a time.,2020-04-20 04:30:49.115061,,
69,StormSage,Paul David,true,Believer in the everyday.,2021-06-11 19:29:07.955752,,
70,ThunderBard,Thomas Rousseau,false,Making sense of the great outdoors.,2023-11-21 18:37:01.420928,,
71,EchoMage,Isabelle Faure,true,"Traveler, photographer, and lover of the world a better place, one rep at a time.",2021-12-13 03:36:55.404649,,
72,GoldenWizard,Benjamin Martin,true,Finding beauty in the power of AI.,2019-01-13 14:54:49.197292,2023-08-10 13:35:52.021845,
73,CrystalWarrior,Katherine Leroy,true,Making sense of the great outdoors.,2019-07-04 11:51:29.098083,,
74,GhostHunter,Paul Guillaume,true,Finding beauty in the power of AI.,2021-05-19 17:02:55.498667,,
75,NightSage,Florian Leroy,true,Believer in the everyday.,2022-08-05 10:43:14.020913,,
76,StormChampion,Clara Henry,true,"Traveler, photographer, and lover of the world one dish at a time.",2020-06-04 04:36:08.471855,,
77,FrigielMaster,Mélanie Lemoine,true,Making sense of the world one dish at a time.,2020-08-14 12:23:49.767546,2022-11-22 21:37:11.496945,
78,MysticHunter,Julien Faure,true,"Traveler, photographer, and lover of the world through words.",2023-03-17 18:09:55.198643,2023-06-08 07:29:10.503733,
79,StormFighter,Lucas Moreau,true,Trying to make the world one dish at a time.,2020-10-08 19:44:50.267161,,
80,DreamBard,David Martin,true,Finding beauty in the power of AI.,2021-08-28 00:56:47.023965,,
81,GoldenFighter,Lucas Henry,true,"Traveler, photographer, and lover of the world through words.",2019-05-16 21:47:37.048072,,2022-10-08 14:00:52.334030
82,PhantomPaladin,Olivia Henry,false,"Traveler, photographer, and lover of the world one dish at a time.",2020-08-05 07:57:55.485538,,
83,FrigielWizard,Victor Boucher,true,Finding beauty in the power of AI.,2023-01-22 19:39:33.885686,,
84,ShadowSage,Hugo Lemoine,true,Believer in the everyday.,2023-05-22 22:13:09.233623,,2023-12-17 01:25:58.440425
85,ShadowNinja,Clara Garnier,true,Finding beauty in the power of AI.,2022-02-07 09:09:55.917687,,
86,SilverHunter,Benjamin Rousseau,true,Making sense of the world one dish at a time.,2023-10-22 11:47:27.344900,,
87,DarkPaladin,Clara Guillaume,true,"Traveler, photographer, and lover of the world through words.",2020-10-28 06:21:26.072385,,
88,NightChampion,Alice Bernard,true,"Traveler, photographer, and lover of the world through words.",2019-06-13 09:36:31.721370,,
89,GoldenAssassin,Lucas Lemoine,true,Finding beauty in the power of AI.,2021-06-28 13:42:01.657786,,
90,EchoLord,Hugo Martin,true,Trying to make the world through words.,2022-03-03 11:19:41.110597,,
91,PhantomPaladin,Hugo Bernard,true,Trying to make the world one dish at a time.,2021-10-26 01:54:04.893430,,
92,CyberChampion,Katherine Girard,true,Trying to make the world through words.,2021-06-22 04:07:18.448654,,
93,MysticPaladin,Paul Bernard,true,Believer in the everyday.,2021-03-19 18:22:12.123058,,2023-03-23 19:31:21.144174
94,FireWarrior,Benjamin Blanchard,false,Loves to explore the world through words.,2021-07-09 01:23:47.553286,2021-09-05 11:39:36.058185,
95,GoldenLord,Hugo Petit,true,Believer in the everyday.,2021-09-23 07:24:12.966083,,
96,FrigielKing,Emma Martin,true,Making sense of the great outdoors.,2022-06-10 07:01:19.486260,,
97,IceKnight,Paul Moreau,true,Making sense of the great outdoors.,2019-02-27 14:47:24.759778,,
98,CrystalChampion,Benjamin Marchand,true,Finding beauty in the power of AI.,2023-07-25 22:08:30.854342,,
99,TitanRider,Emma Lemoine,true,Loves to explore the world through words.,2023-05-25 16:43:51.809646,2023-10-02 21:07:52.265807,
